Name,Northing,Easting,Elevation,Description,Description_2,Square,Spit,Plotted_Find,PF,Number,,,
290,5013.246315,5000.23839,100.627806,PF_D4_4_BD1,Plotted Finds,D4,4,Bead,BD,1,,,
101,5012.091239,5000.412164,100.793194,PF_B3_3_BP1,Plotted Finds,B3,3,Bone Point,BP,1,,,
184,5011.01641,5000.096938,100.571753,PF_C2_4_C14X1,Plotted Finds,C2,4,Carbon Sample,C14X,1,,,Have not added data from 22-06-12 and on. 
192,5011.236594,4999.671408,100.615078,PF_C3_4_C14X2,Plotted Finds,C3,4,Carbon Sample,C14X,2,,,
380,5010.901573,4999.069309,100.554474,PF_B3_5_C14X3,Plotted Finds,B3,5,Carbon Sample,C14X,3,,,
393,5012.409444,4999.336611,100.572939,PF_C4_5_C14X_4,Plotted Finds,C4,5,Carbon Sample,C14X,4,,,
442,5012.53953,4999.901251,100.531641,PF_D4_5_C14X_5,Plotted Finds,D4,5,Carbon Sample,C14X,5,,,
459,5013.504367,5000.677542,100.550701,PF_E4_5_C14X_6,Plotted Finds,E4,5,Carbon Sample,C14X,6,,,
528,5012.517619,5000.754593,100.55762,PF_D3_5_C14X_9,Plotted Finds,D3,5,Carbon Sample,C14X,9,,,
534,5012.639595,5000.881151,100.571407,PF_D3_5_C14X_10,Plotted Finds,D3,5,Carbon Sample,C14X,10,,,
567,5012.428065,5001.415894,100.518417,PF_E2_5_C14X_11,Plotted Finds,E2,5,Carbon Sample,C14X,11,,,
623,5011.959392,4998.792335,100.532655,PF_C4_6_C14X12,Plotted Finds,C4,6,Carbon Sample,C14X,12,,,
682,5014.07908,5000.534069,100.509449,PF_E4_6_C14X13,Plotted Finds,E4,6,Carbon Sample,C14X,13,,,
710,5013.271681,5000.697748,100.528006,PF_E4_6_C14X14,Plotted Finds,E4,6,Carbon Sample,C14X,14,,,
755,5012.257784,5000.14912,100.489272,PF_D3_6_C14X15,Plotted Finds,D3,6,Carbon Sample,C14X,15,,,
826,5012.718084,5002.138095,100.460551,PF_E2_6_C14X16,Plotted Finds,E2,6,Carbon Sample,C14X,16,,,
839,5012.804121,5001.955363,100.431991,PF_E2_6_C14X17,Plotted Finds,E2,6,Carbon Sample,C14X,17,,,
871,5011.866323,5002.230393,100.386806,PF_E1_6_C14X18,Plotted Finds,E1,6,Carbon Sample,C14X,18,,,
970,5012.723099,5000.238665,100.480463,PF_D3_7_C14X19,Plotted Finds,D3,7,Carbon Sample,C14X,19,,,
1044,5013.496025,5000.80009,100.444769,PF_E4_7_C14X20,Plotted Finds,E4,7,Carbon Sample,C14X,20,,,
1116,5012.180572,5001.662413,100.40466,PF_E2_7_C14X21,Plotted Finds,E2,7,Carbon Sample,C14X,21,,,
1159,5012.026076,4999.651353,100.389665,PF_C3_8_C14X22,Plotted Finds,C3,8,Carbon Sample,C14X,22,,,
1210,5012.37859,4999.933186,100.397954,PF_D3_8_C14X23,Plotted Finds,D3,8,Carbon Sample,C14X,23,,,
1218,5012.586124,5000.541893,100.401859,PF_D3_8_C14X24,Plotted Finds,D3,8,Carbon Sample,C14X,24,,,
1294,5010.889016,4999.643731,100.358346,PF_B3_9_C14X_25,Plotted Finds,B3,9,Carbon Sample,C14X,25,,,
1319,5011.955981,4999.046808,100.341795,PF_C4_9_C14X26,Plotted Finds,C4,9,Carbon Sample,C14X,26,,,
1342,5012.291623,4999.584157,100.343163,PF_C4_9_C14X27,Plotted Finds,C4,9,Carbon Sample,C14X,27,,,
1366,5011.082032,5000.762869,100.009551,PF_C2_9_C14X28,Plotted Finds,C2,9,Carbon Sample,C14X,28,,,
1380,5012.453485,5000.331902,100.333135,PF_D3_9_C14X29,Plotted Finds,D3,9,Carbon Sample,C14X,29,,,
1386,5011.832768,5001.161746,100.292652,PF_D2_9_C14X30,Plotted Finds,D2,9,Carbon Sample,C14X,30,,,
1515,5012.992109,4999.839042,100.406995,PF_D4_9_C14X31,Plotted Finds,D4,9,Carbon Sample,C14X,31,,,
544,5011.667444,5001.180163,100.49125,PF_D2_5_GS1,Plotted Finds,D2,5,Grinding Stone,GS,1,,,
545,5011.709976,5001.211527,100.501033,PF_D2_5_GS1,Plotted Finds,D2,5,Grinding Stone,GS,1,,,
546,5011.600605,5001.288416,100.495712,PF_D2_5_GS1,Plotted Finds,D2,5,Grinding Stone,GS,1,,,
547,5011.579968,5001.242719,100.483387,PF_D2_5_GS1,Plotted Finds,D2,5,Grinding Stone,GS,1,,,
548,5011.679977,5001.185966,100.462351,PF_D2_5_GS1,Plotted Finds,D2,5,Grinding Stone,GS,1,,,
549,5011.725537,5001.261639,100.490355,PF_D2_5_GS1,Plotted Finds,D2,5,Grinding Stone,GS,1,,,
1179,5011.279549,5000.211905,100.357185,PF_C3_8_GS2,Plotted Finds,C3,8,Grinding Stone,GS,2,,,
172,5012.001899,5002.397188,100.710827,PF_E2_3_HM2,Plotted Finds,E2,3,Haematite,HM,2,,,
173,5012.043664,5002.37012,100.794916,PF_E2_3_HM2,Plotted Finds,E2,3,Haematite,HM,2,,,
193,5011.283333,4999.793402,100.633688,PF_C3_4_HM3,Plotted Finds,C3,4,Haematite,HM,3,,,
231,5011.834729,5000.69048,100.579607,PF_D3_4A_HM4,Plotted Finds,D3,4A,Haematite,HM,4,,,
239,5011.748424,4999.289674,100.588899,PF_C4_4_HM5,Plotted Finds,C4,4,Haematite,HM,5,,,
240,5012.621797,5000.849565,100.614681,PF_D3_4_HM6,Plotted Finds,D3,4,Haematite,HM,6,,,
241,5012.000465,5000.172577,100.645778,PF_D3_4_HM7,Plotted Finds,D3,4,Haematite,HM,7,,,
252,5012.270508,5001.435864,100.533986,PF_E2_4_HM8,Plotted Finds,E2,4,Haematite,HM,8,,,
301,5013.718872,5000.659821,100.567455,PF_E4_4_HM9,Plotted Finds,E4,4,Haematite,HM,9,,,
353,5010.62656,5000.01837,100.494556,PF_B2_5_HM10,Plotted Finds,B2,5,Haematite,HM,10,,,
354,5011.13203,4999.929733,100.536416,PF_C3_5_HM11,Plotted Finds,C3,5,Haematite,HM,11,,,
375,5011.773246,5000.349578,100.555403,PF_C3_5_HM12,Plotted Finds,C3,5,Haematite,HM,12,,,
418,5010.858266,5000.191837,100.523964,PF_C2_5_HM13,Plotted Finds,C2,5,Haematite,HM,13,,,
525,5011.752193,5001.22236,100.528433,PF_D2_5_HM14,Plotted Finds,D2,5,Haematite,HM,14,,,
526,5011.49052,5000.741696,100.475302,PF_D2_5_HM15,Plotted Finds,D2,5,Haematite,HM,15,,,
529,5011.722297,5000.377716,100.498647,PF_C3_5_HM16,Plotted Finds,C3,5,Haematite,HM,16,,,
535,5011.763156,5001.10304,100.464556,PF_D2_5_HM17,Plotted Finds,D2,5,Haematite,HM,10,,,
557,5011.692328,5001.537717,100.521354,PF_D2_5_HM18,Plotted Finds,D2,5,Haematite,HM,18,,,
611,5012.638252,4999.431906,100.559778,PF_C4_6_HM19,Plotted Finds,C4,6,Haematite,HM,19,,,
712,5011.882587,5000.959754,100.44438,PF_D2_6_HM20,Plotted Finds,D2,6,Haematite,HM,20,,,
747,5011.478295,5000.818341,100.462196,PF_D2_6_HM21,Plotted Finds,D2,6,Haematite,HM,21,,,
774,5012.252822,5000.802085,100.751659,PF_D3_6_HM22,Plotted Finds,D3,6,Haematite,HM,22,,,
806,5011.324736,5000.644739,100.472488,PF_C2_6_HM23,Plotted Finds,C2,6,Haematite,HM,23,,,
823,5011.360883,5000.560437,100.424229,PF_C2_6_HM24,Plotted Finds,C2,6,Haematite,HM,24,,,
889,5012.148394,4999.875208,100.442468,PF_C3_7_HM25,Plotted Finds,C3,7,Haematite,HM,25,,,
914,5011.679859,4999.217971,100.489455,PF_C4_7_HM26,Plotted Finds,C4,7,Haematite,HM,26,,,
959,5012.259438,4999.878138,100.441302,PF_D3_7_HM27,Plotted Finds,D3,7,Haematite,HM,27,,,
1165,5011.762418,4999.599341,100.404604,PF_C3_8_HM28,Plotted Finds,C3,8,Haematite,HM,28,,,
1248,5012.141683,5001.517012,100.385897,PF_E2_8_HM29,Plotted Finds,E2,8,Haematite,HM,29,,,
1318,5011.84176,4998.934612,100.334207,PF_C4_9_HM30,Plotted Finds,C4,9,Haematite,HM,30,,,
1356,5011.165666,4999.956781,100.337706,PF_C3_9_HM31,Plotted Finds,C3,9,Haematite,HM,31,,,
1374,5011.415991,5000.787758,100.332149,PF_D2_9_HM32,Plotted Finds,D2,9,Haematite,HM,32,,,
1409,5011.28418,5001.080552,100.272814,PF_D2_9_HM33,Plotted Finds,D2,9,Haematite,HM,33,,,
43,5011.286093,5000.871592,100.717908,PF_C2_2_HB1,Plotted Finds,C2,2,Human Bone,HB,1,,,
44,5011.06977,5000.694595,100.733051,PF_C2_2_HB2,Plotted Finds,C2,2,Human Bone,HB,2,,,
57,5010.463145,5000.26592,100.642153,PF_B2_2_HB3,Plotted Finds,B2,2,Human Bone,HB,3,,,
121,5011.153454,5000.387125,100.633599,PF_C3_2_HB4,Plotted Finds,C3,2,Human Bone,HB,4,,,
131,5011.656722,5001.438039,100.633703,PF_D2_3_HB5,Plotted Finds,D2,3,Human Bone,HB,5,,,
133,5011.983255,5001.267269,100.611303,PF_D2_3_HB6,Plotted Finds,D2,3,Human Bone,HB,6,,,
134,5011.460044,5001.29,100.671708,PF_D2_3_HB7,Plotted Finds,D2,3,Human Bone,HB,7,,,
135,5011.469865,5001.3033,100.662386,PF_D2_3_HM1,Plotted Finds,D2,3,Human Bone,HB,1,,,
137,5011.466653,5001.28365,100.655573,PF_D2_3_HB8,Plotted Finds,D2,3,Human Bone,HB,8,,,
138,5011.455514,5001.292627,100.65903,PF_D2_3_HB9,Plotted Finds,D2,3,Human Bone,HB,9,,,
139,5011.387751,5001.226695,100.659463,PF_D2_3_HB10,Plotted Finds,D2,3,Human Bone,HB,10,,,
140,5011.346786,5001.209209,100.620837,PF_D2_3A_HB11,Plotted Finds,D2,3A,Human Bone,HB,11,,,
141,5011.400032,5001.259987,100.630117,PF_D2_3A_HB12,Plotted Finds,D2,3A,Human Bone,HB,12,,,
142,5011.456021,5001.297027,100.617526,PF_D2_3A_HB13,Plotted Finds,D2,3A,Human Bone,HB,13,,,
144,5011.566312,5001.481097,100.607989,PF_D2_3A_HB14,Plotted Finds,D2,3A,Human Bone,HB,14,,,
145,5011.870427,5001.262036,100.597399,PF_D2_3_HB15,Plotted Finds,D2,3,Human Bone,HB,15,,,
146,5011.801475,5001.266479,100.599453,PF_D2_3_HB16,Plotted Finds,D2,3,Human Bone,HB,16,,,
157,5012.4166,5001.445258,100.602445,PF_E2_3_HB17,Plotted Finds,E2,3,Human Bone,HB,17,,,
159,5012.646658,5001.756236,100.593591,PF_E2_3_HB18,Plotted Finds,E2,3,Human Bone,HB,18,,,
168,5011.999925,5002.303631,100.60679,PF_E2_3_HB19,Plotted Finds,E2,3,Human Bone,HB,19,,,
169,5011.985474,5002.330459,100.61538,PF_E2_3_HB19,Plotted Finds,E2,3,Human Bone,HB,19,,,
170,5011.977145,5002.353685,100.649336,PF_E2_3_HB20,Plotted Finds,E2,3,Human Bone,HB,20,,,
171,5011.982369,5002.354365,100.619833,PF_E2_3_HB21,Plotted Finds,E2,3,Human Bone,HB,21,,,
174,5012.030048,5002.376596,100.583922,PF_E2_3_HB22,Plotted Finds,E2,3,Human Bone,HB,22,,,
195,5011.136242,4999.656328,100.575418,PF_C3_4_HB23,Plotted Finds,C3,4,Human Bone,HB,23,,,
201,5011.832546,5000.946334,100.549364,PF_D2_4_HB24,Plotted Finds,D2,4,Human Bone,HB,24,,,
207,5011.518481,5000.796994,100.547907,PF_D2_4_HB25,Plotted Finds,D2,4,Human Bone,HB,25,,,
209,5011.816257,5001.261697,100.549743,PF_D2_4_HB26,Plotted Finds,D2,4,Human Bone,HB,26,,,
210,5011.850017,5001.423431,100.559076,PF_D2_4_HB27,Plotted Finds,D2,4,Human Bone,HB,27,,,
211,5011.576574,5001.456422,100.563377,PF_D2_4_HB28,Plotted Finds,D2,4,Human Bone,HB,28,,,
212,5011.976238,5001.350169,100.536299,PF_D2_4_HB29,Plotted Finds,D2,4,Human Bone,HB,29,,,
215,5011.75431,5001.502275,100.561034,PF_D2_4_HB30,Plotted Finds,D2,4,Human Bone,HB,30,,,
220,5011.97478,5001.5947,100.553878,PF_D2_4_HB31,Plotted Finds,D2,4,Human Bone,HB,31,,,
221,5011.824482,5001.741081,100.57076,PF_D2_4_HB32,Plotted Finds,D2,4,Human Bone,HB,32,,,
222,5011.712173,5001.894096,100.572596,PF_D2_4_HB33,Plotted Finds,D2,4,Human Bone,HB,33,,,
258,5012.499382,5001.813632,100.53293,PF_E2_4_HB34,Plotted Finds,E2,4,Human Bone,HB,34,,,
262,5012.292325,5001.601628,100.530224,PF_E2_4_HB35,Plotted Finds,E2,4,Human Bone,HB,35,,,
263,5012.42067,5001.721012,100.521879,PF_E2_4_HB36,Plotted Finds,E2,4,Human Bone,HB,36,,,
265,5012.526066,5001.877755,100.532117,PF_E2_4_HB37,Plotted Finds,E2,4,Human Bone,HB,37,,,
266,5012.355409,5001.838874,100.509296,PF_E2_4_HB38,Plotted Finds,E2,4,Human Bone,HB,38,,,
267,5012.50659,5001.808871,100.511649,PF_E2_4_HB39,Plotted Finds,E2,4,Human Bone,HB,39,,,
268,5012.412554,5001.831397,100.508488,PF_E2_4_HB40,Plotted Finds,E2,4,Human Bone,HB,40,,,
269,5012.429435,5001.828948,100.511581,PF_E2_4_HB41,Plotted Finds,E2,4,Human Bone,HB,41,,,
270,5012.284058,5001.744366,100.516576,PF_E2_4_HB42,Plotted Finds,E2,4,Human Bone,HB,42,,,
351,5010.657929,5000.050621,100.511039,PF_B2_5_HB43,Plotted Finds,B2,5,Human Bone,HB,43,,,
360,5010.941866,4999.722933,100.522265,PF_B3_5_HB44,Plotted Finds,B3,5,Human Bone,HB,44,,,
376,5011.62335,5000.387656,100.550791,PF_C3_5_HB45,Plotted Finds,C3,5,Human Bone,HB,45,,,
377,5011.071926,4999.955328,100.511265,PF_C3_5_HB46,Plotted Finds,C3,5,Human Bone,HB,46,,,
378,5011.249538,4999.823911,100.537282,PF_C3_5_HB47,Plotted Finds,C3,5,Human Bone,HB,47,,,
382,5011.316704,4999.950342,100.527238,PF_C3_5_HB48,Plotted Finds,C3,5,Human Bone,HB,48,,,
387,5011.135686,5000.031638,100.523415,PF_C3_5_HB49,Plotted Finds,C3,5,Human Bone,HB,49,,,
388,5010.826864,4998.581606,100.534412,PF_B3_5_HB50,Plotted Finds,B3,5,Human Bone,HB,50,,,
389,5011.346328,5000.185756,100.581658,PF_C3_5_HB51,Plotted Finds,C3,5,Human Bone,HB,51,,,
390,5011.336163,5000.105786,100.57904,PF_C3_5_HB51,Plotted Finds,C3,5,Human Bone,HB,51,,,
391,5011.251348,5000.00909,100.535546,PF_C3_5_HB52,Plotted Finds,C3,5,Human Bone,HB,52,,,
392,5010.657797,4998.786045,100.566973,PF_B3_5_HB54,Plotted Finds,B3,5,Human Bone,HB,54,,,
419,5011.126479,5000.165709,100.560397,PF_C2_5_HB55,Plotted Finds,C2,5,Human Bone,HB,55,,,
421,5010.89369,4999.942892,100.493818,PF_C2_5_HB56,Plotted Finds,C2,5,Human Bone,HB,56,,,
422,5012.499959,4999.748313,100.558663,PF_D4_5_HB57,Plotted Finds,D4,5,Human Bone,HB,57,,,
423,5012.64609,4999.616388,100.556186,PF_D4_5_HB58,Plotted Finds,D4,5,Human Bone,HB,58,,,
424,5011.321873,5000.023711,100.515919,PF_C3_5_HB53,Plotted Finds,C3,5,Human Bone,HB,53,,,
425,5011.283166,4999.791153,100.494512,PF_C3_5_HB53,Plotted Finds,C3,5,Human Bone,HB,53,,,
426,5011.374611,4999.923835,100.517174,PF_C3_5_HB59,Plotted Finds,C3,5,Human Bone,HB,59,,,
427,5011.169143,4999.942125,100.508774,PF_C3_5_HB60,Plotted Finds,C3,5,Human Bone,HB,60,,,
428,5011.178423,4999.72645,100.509159,PF_C3_5_HB61,Plotted Finds,C3,5,Human Bone,HB,61,,,
429,5011.175533,4999.720714,100.510864,PF_C3_5_HB62,Plotted Finds,C3,5,Human Bone,HB,62,,,
430,5011.701195,5000.347064,100.549776,PF_C3_5_HB63,Plotted Finds,C3,5,Human Bone,HB,63,,,
431,5011.605063,5000.361207,100.558911,PF_C3_5_HB64,Plotted Finds,C3,5,Human Bone,HB,64,,,
432,5011.658558,5000.36649,100.556428,PF_C3_5_HB65,Plotted Finds,C3,5,Human Bone,HB,65,,,
433,5011.578887,5000.403329,100.549309,PF_C3_5_HB66,Plotted Finds,C3,5,Human Bone,HB,66,,,
434,5011.470513,5000.336089,100.54719,PF_C3_5_HB67,Plotted Finds,C3,5,Human Bone,HB,67,,,
435,5010.772518,5000.286136,100.503247,PF_C2_5_HB68,Plotted Finds,C2,5,Human Bone,HB,68,,,
436,5010.717985,5000.207841,100.492245,PF_C2_5_HB68,Plotted Finds,C2,5,Human Bone,HB,68,,,
437,5011.234554,5000.270823,100.551959,PF_C2_5_HB69,Plotted Finds,C2,5,Human Bone,HB,69,,,
439,5012.694533,4999.633688,100.556686,PF_D4_5_HB70,Plotted Finds,D4,5,Human Bone,HB,70,,,
443,5011.283335,5000.166697,100.528875,PF_C3_5_HB71,Plotted Finds,C3,5,Human Bone,HB,71,,,
444,5011.971109,5000.084954,100.532852,PF_C3_5_HB72,Plotted Finds,C3,5,Human Bone,HB,72,,,
456,5011.799048,4999.905122,100.517982,PF_C3_5_HB73,Plotted Finds,C3,5,Human Bone,HB,73,,,
458,5010.926445,5000.418846,100.493746,PF_C2_5_HB74,Plotted Finds,C2,5,Human Bone,HB,74,,,
488,5011.667955,5000.355428,100.536826,PF_C3_5_HB79,Plotted Finds,C3,5,Human Bone,HB,79,,,
489,5011.726585,5000.324834,100.566815,PF_C3_5_HB80,Plotted Finds,C3,5,Human Bone,HB,80,,,
496,5012.513785,5000.200047,100.521982,PF_D3_5_HB80,Plotted Finds,D3,5,Human Bone,HB,80,,,
498,5011.260044,5000.028948,100.509737,PF_C3_5_HB81,Plotted Finds,C3,5,Human Bone,HB,81,,,
499,5011.290643,4999.987029,100.498791,PF_C3_5_HB81,Plotted Finds,C3,5,Human Bone,HB,81,,,
501,5011.913263,5000.262551,100.554515,PF_D3_5_HB82,Plotted Finds,D3,5,Human Bone,HB,82,,,
502,5011.996368,5000.931839,100.512686,PF_D2_5_HB83,Plotted Finds,D2,5,Human Bone,HB,83,,,
503,5012.108276,5000.311555,100.564906,PF_D3_5_HB84,Plotted Finds,D3,5,Human Bone,HB,84,,,
512,5011.836624,5000.448489,100.569995,PF_D3_5_HB85,Plotted Finds,D3,5,Human Bone,HB,85,,,
513,5012.032681,5000.35437,100.563342,PF_D3_5_HB86,Plotted Finds,D3,5,Human Bone,HB,86,,,
514,5011.287123,4999.616046,100.511619,PF_C3_5_HB87,Plotted Finds,C3,5,Human Bone,HB,87,,,
527,5011.065332,4999.815965,100.496672,PF_C3_5_HB88,Plotted Finds,C3,5,Human Bone,HB,88,,,
530,5011.554146,5001.382113,100.54232,PF_D2_5_HB89,Plotted Finds,D2,5,Human Bone,HB,89,,,
532,5010.908094,4998.657488,100.4985,PF_B3_6_HB107,Plotted Finds,B3,6,Human Bone,HB,107,,,
533,5012.152422,5001.082969,100.497434,PF_D2_5_HB90,Plotted Finds,D2,5,Human Bone,HB,90,,,
537,5012.110467,5001.523204,100.491282,PF_D2_5_HB91,Plotted Finds,D2,5,Human Bone,HB,17,,,
538,5011.889282,5001.262095,100.459416,PF_D2_5_HB92,Plotted Finds,D2,5,Human Bone,HB,92,,,
555,5011.761478,5001.783179,100.531984,PF_D2_5_HB93,Plotted Finds,D2,5,Human Bone,HB,93,,,
556,5011.615534,5001.518166,100.523767,PF_D2_5_HB94,Plotted Finds,D2,5,Human Bone,HB,94,,,
558,5011.684682,5001.722529,100.527094,PF_D2_5_HB95,Plotted Finds,D2,5,Human Bone,HB,95,,,
559,5011.937338,5001.640867,100.480102,PF_D2_5_HB96,Plotted Finds,D2,5,Human Bone,HB,96,,,
560,5011.69153,5001.731923,100.505368,PF_D2_5_HB97,Plotted Finds,D2,5,Human Bone,HB,97,,,
572,5012.177397,5001.520469,100.490461,PF_E2_5_HB98,Plotted Finds,E2,5,Human Bone,HB,98,,,
573,5012.147635,5001.474755,100.498071,PF_E2_5_HB99,Plotted Finds,E2,5,Human Bone,HB,99,,,
574,5012.073501,5001.637391,100.4842,PF_E2_5_HB100,Plotted Finds,E2,5,Human Bone,HB,100,,,
575,5012.370557,5001.645153,100.503015,PF_E2_5_HB101,Plotted Finds,E2,5,Human Bone,HB,101,,,
577,5012.12989,5001.484267,100.494498,PF_E2_5_HB102,Plotted Finds,E2,5,Human Bone,HB,102,,,
578,5012.15675,5001.537496,100.494867,PF_E2_5_HB102,Plotted Finds,E2,5,Human Bone,HB,102,,,
599,5011.839815,5001.885643,100.554936,PF_E2_5_HB103,Plotted Finds,E2,5,Human Bone,HB,103,,,
600,5012.354319,4998.829332,100.603704,PF_C4_6_HB104,Plotted Finds,C4,6,Human Bone,HB,104,,,
601,5012.199811,4999.012244,100.581176,PF_C4_6_HB104,Plotted Finds,C4,6,Human Bone,HB,104,,,
602,5011.862381,4999.026252,100.551397,PF_C4_6_HB105,Plotted Finds,C4,6,Human Bone,HB,105,,,
604,5012.350772,5001.845056,100.493274,PF_E2_5_HB106,Plotted Finds,E2,5,Human Bone,HB,106,,,
608,5011.793415,5001.838192,100.504257,PF_E2_5_HB108,Plotted Finds,E2,5,Human Bone,HB,108,,,
609,5011.891378,5001.87582,100.476169,PF_E2_5_HB109,Plotted Finds,E2,5,Human Bone,HB,109,,,
610,5011.935594,5001.912343,100.484714,PF_E2_5_HB109,Plotted Finds,E2,5,Human Bone,HB,109,,,
612,5011.854715,5002.101444,100.521004,PF_E2_5_HB109,Plotted Finds,E2,5,Human Bone,HB,109,,,
613,5011.914442,5002.053785,100.49025,PF_E2_5_HB109,Plotted Finds,E2,5,Human Bone,HB,109,,,
614,5011.32215,4999.139579,100.512113,PF_B3_6_HB110,Plotted Finds,B3,6,Human Bone,HB,110,,,
621,5012.017819,5002.251587,100.534381,PF_E2_5_HB111,Plotted Finds,E2,5,Human Bone,HB,111,,,
622,5012.171163,5002.265578,100.533971,PF_E2_5_HB111,Plotted Finds,E2,5,Human Bone,HB,111,,,
625,5010.919768,4999.661822,100.486244,PF_B3_6_HB112,Plotted Finds,B3,6,Human Bone,HB,112,,,
626,5012.809376,5002.147129,100.494881,PF_E2_5_HB113,Plotted Finds,E2,5,Human Bone,HB,113,,,
627,5012.849924,5002.105799,100.496008,PF_E2_5_HB113,Plotted Finds,E2,5,Human Bone,HB,113,,,
628,5012.685489,5001.658875,100.527045,PF_E2_5_HB114,Plotted Finds,E2,5,Human Bone,HB,114,,,
653,5011.811224,5001.96305,100.474198,PF_E2_5_HB115,Plotted Finds,E2,5,Human Bone,HB,15,,,
654,5011.857048,5002.007561,100.475983,PF_E2_5_HB115,Plotted Finds,E2,5,Human Bone,HB,115,,,
664,5011.83722,5002.12552,100.512595,PF_E1_5_HB116,Plotted Finds,E1,5,Human Bone,HB,116,,,
670,5011.804929,5002.063691,100.473058,PF_E1_5_HB117,Plotted Finds,E1,5,Human Bone,HB,117,,,
671,5011.850926,5002.202254,100.490708,PF_E1_5_HB118,Plotted Finds,E1,5,Human Bone,HB,118,,,
672,5011.828679,5002.138951,100.498917,PF_E1_5_HB118,Plotted Finds,E1,5,Human Bone,HB,118,,,
673,5011.764117,5001.971681,100.474058,PF_E1_5_HB119,Plotted Finds,E1,5,Human Bone,HB,119,,,
674,5011.827354,5002.007551,100.45781,PF_E1_5_HB120,Plotted Finds,E1,5,Human Bone,HB,120,,,
681,5011.656912,4999.745715,100.535713,PF_C3_6_HB121,Plotted Finds,C3,6,Human Bone,HB,121,,,
683,5011.989696,5001.353241,100.435372,PF_D2_6_HB122,Plotted Finds,D2,6,Human Bone,HB,122,,,
684,5011.597032,4999.369221,100.502875,PF_C3_6_HB123,Plotted Finds,C3,6,Human Bone,HB,123,,,
685,5011.637715,4999.367168,100.49906,PF_C3_6_HB124,Plotted Finds,C3,6,Human Bone,HB,124,,,
686,5011.92119,5001.21481,100.416516,PF_D2_6_HB125,Plotted Finds,D2,6,Human Bone,HB,125,,,
687,5011.726755,5001.502368,100.42105,PF_D2_6_HB126,Plotted Finds,D2,6,Human Bone,HB,126,,,
689,5011.91188,5001.018498,100.449944,PF_D2_6_HB127,Plotted Finds,D2,6,Human Bone,HB,127,,,
690,5011.722651,5001.090975,100.441433,PF_D2_6_HB128,Plotted Finds,D2,6,Human Bone,HB,128,,,
691,5011.675336,5001.373611,100.420525,PF_D2_6_HB129,Plotted Finds,D2,6,Human Bone,HB,129,,,
692,5011.265253,4999.685698,100.478441,PF_C3_6_HB130,Plotted Finds,C3,6,Human Bone,HB,130,,,
707,5011.342717,4999.837387,100.480056,PF_C3_6_HB131,Plotted Finds,C3,6,Human Bone,HB,131,,,
708,5011.132973,4999.779514,100.497856,PF_C3_6_HB131,Plotted Finds,C3,6,Human Bone,HB,131,,,
709,5011.247043,4999.821695,100.464022,PF_C3_6_HB132,Plotted Finds,C3,6,Human Bone,HB,132,,,
711,5011.28263,4999.762705,100.47173,PF_C3_6_HB133,Plotted Finds,C3,6,Human Bone,HB,133,,,
713,5011.080381,4999.839821,100.465917,PF_C3_6_HB134,Plotted Finds,C3,6,Human Bone,HB,134,,,
714,5011.7812,5000.07535,100.481212,PF_C3_6_HB135,Plotted Finds,C3,6,Human Bone,HB,134,,,
716,5011.534214,5001.011114,100.46458,PF_D2_6_HB136,Plotted Finds,D2,6,Human Bone,HB,136,,,
717,5011.464462,5001.070478,100.471303,PF_D2_6_HB137,Plotted Finds,D2,6,Human Bone,HB,137,,,
718,5011.608095,5001.066403,100.431665,PF_D2_6_HB137,Plotted Finds,D2,6,Human Bone,HB,137,,,
736,5011.710634,5000.994489,100.419773,PF_D2_6_HB138,Plotted Finds,D2,6,Human Bone,HB,138,,,
737,5011.571792,5001.000235,100.447077,PF_D2_6_HB139,Plotted Finds,D2,6,Human Bone,HB,139,,,
738,5011.493046,5001.028605,100.470243,PF_D2_6_HB140,Plotted Finds,D2,6,Human Bone,HB,140,,,
739,5011.572878,5001.200184,100.440599,PF_D2_6_HB141,Plotted Finds,D2,6,Human Bone,HB,141,,,
740,5011.628631,5001.213827,100.425097,PF_D2_6_HB142,Plotted Finds,D2,6,Human Bone,HB,142,,,
741,5011.691837,5000.927367,100.441181,PF_D2_6_HB143,Plotted Finds,D2,6,Human Bone,HB,143,,,
742,5011.689254,5000.487637,100.518409,PF_C3_6_HB144,Plotted Finds,C3,6,Human Bone,HB,144,,,
743,5011.547355,5000.522389,100.467631,PF_C3_6_HB145,Plotted Finds,C3,6,Human Bone,HB,145,,,
744,5011.648876,5000.933752,100.448745,PF_D2_6_HB146,Plotted Finds,D2,6,Human Bone,HB,146,,,
745,5011.619529,5000.884218,100.434525,PF_D2_6_HB147,Plotted Finds,D2,6,Human Bone,HB,147,,,
746,5010.362883,4999.077451,100.221761,PF_B3_HB148,Plotted Finds,B3,,Human Bone,HB,148,,,
749,5011.328436,5000.378188,100.460272,PF_C3_6_HB149,Plotted Finds,C3,6,Human Bone,HB,149,,,
750,5011.390614,5000.440888,100.462933,PF_C3_6_HB149,Plotted Finds,C3,6,Human Bone,HB,149,,,
751,5011.443391,5000.402804,100.450014,PF_C3_6_HB149,Plotted Finds,C3,6,Human Bone,HB,149,,,
752,5011.384486,5000.35978,100.463123,PF_C3_6_HB149,Plotted Finds,C3,6,Human Bone,HB,149,,,
753,5011.817943,5000.84167,100.471967,PF_D2_6_HB150,Plotted Finds,D2,6,Human Bone,HB,150,,,
754,5011.734824,5000.82682,100.468211,PF_D2_6_HB150,Plotted Finds,D2,6,Human Bone,HB,150,,,
756,5012.614552,5000.455948,100.483638,PF_D3_6_HB151,Plotted Finds,D3,6,Human Bone,HB,151,,,
757,5011.675512,5000.691865,100.433902,PF_D2_6_HB152,Plotted Finds,D2,6,Human Bone,HB,152,,,
775,5012.102659,5001.502754,100.478893,PF_E2_6_HB173,Plotted Finds,E2,6,Human Bone,HB,173,,,
776,5012.126954,5001.51759,100.476004,PF_E2_6_HB174,Plotted Finds,E2,6,Human Bone,HB,174,,,
777,5012.149603,5001.522589,100.470842,PF_E2_6_HB175,Plotted Finds,E2,6,Human Bone,HB,175,,,
778,5012.180075,5001.539913,100.470218,PF_E2_6_HB176,Plotted Finds,E2,6,Human Bone,HB,176,,,
787,5010.871067,5000.043054,100.409254,PF_C2_6_HB153,Plotted Finds,C2,6,Human Bone,HB,153,,,
793,5010.981968,5000.440788,100.431476,PF_C2_6_HB154,Plotted Finds,C2,6,Human Bone,HB,154,,,
794,5010.901841,5000.359774,100.428621,PF_C2_6_HB154,Plotted Finds,C2,6,Human Bone,HB,154,,,
795,5012.649475,5000.695566,100.474033,PF_D3_6_HB155,Plotted Finds,D3,6,Human Bone,HB,155,,,
797,5011.736361,5000.504519,100.516913,PF_D3_6_HB156,Plotted Finds,D3,6,Human Bone,HB,156,,,
798,5011.702338,5000.481501,100.527199,PF_D3_6_HB156,Plotted Finds,D3,6,Human Bone,HB,156,,,
799,5011.740455,5000.412563,100.52211,PF_D3_6_HB156,Plotted Finds,D3,6,Human Bone,HB,156,,,
800,5011.784499,5000.455074,100.548661,PF_D3_6_HB156,Plotted Finds,D3,6,Human Bone,HB,156,,,
801,5011.769411,5000.517964,100.45671,PF_D3_6_HB157,Plotted Finds,D3,6,Human Bone,HB,157,,,
802,5012.406275,5001.679674,100.47726,PF_E2_6_HB158,Plotted Finds,E2,6,Human Bone,HB,158,,,
803,5011.021179,5000.358786,100.414186,PF_C2_6_HB159,Plotted Finds,C2,6,Human Bone,HB,159,,,
804,5012.347605,5001.715807,100.475479,PF_E2_6_HB160,Plotted Finds,E2,6,Human Bone,HB,160,,,
813,5011.351917,5000.869692,100.492382,PF_C2_6_HB161,Plotted Finds,C2,6,Human Bone,HB,161,,,
814,5011.258894,5000.807624,100.498312,PF_C2_6_HB161,Plotted Finds,C2,6,Human Bone,HB,161,,,
822,5011.334892,5000.577371,100.422798,PF_C2_6_HB162,Plotted Finds,C2,6,Human Bone,HB,162,,,
824,5012.711845,5001.821661,100.457446,PF_E2_6_HB163,Plotted Finds,E2,6,Human Bone,HB,163,,,
840,5012.709376,5001.727174,100.438715,PF_E2_6_HB164,Plotted Finds,E2,6,Human Bone,HB,164,,,
841,5012.807019,5001.808409,100.434035,PF_E2_6_HB165,Plotted Finds,E2,6,Human Bone,HB,165,,,
842,5012.596653,5002.282886,100.419252,PF_E2_6_HB166,Plotted Finds,E2,6,Human Bone,HB,166,,,
843,5012.664032,5002.283084,100.428563,PF_E2_6_HB167,Plotted Finds,E2,6,Human Bone,HB,167,,,
844,5011.93241,5001.651894,100.418614,PF_E2_6_HB168,Plotted Finds,E2,6,Human Bone,HB,168,,,
845,5011.934919,5001.552864,100.446697,PF_E2_6_HB169,Plotted Finds,E2,6,Human Bone,HB,169,,,
846,5012.065195,5001.56529,100.447037,PF_E2_6_HB169,Plotted Finds,E2,6,Human Bone,HB,169,,,
847,5012.043671,5001.498601,100.451226,PF_E2_6_HB170,Plotted Finds,E2,6,Human Bone,HB,170,,,
848,5012.339276,5001.68003,100.457309,PF_E2_6_HB170,Plotted Finds,E2,6,Human Bone,HB,170,,,
849,5012.40138,5001.640981,100.462828,PF_E2_6_HB171,Plotted Finds,E2,6,Human Bone,HB,171,,,
850,5012.326329,5001.642342,100.459531,PF_E2_6_HB171,Plotted Finds,E2,6,Human Bone,HB,171,,,
851,5012.166869,5001.624524,100.448262,PF_E2_6_HB172,Plotted Finds,E2,6,Human Bone,HB,172,,,
857,5012.199587,5001.555475,100.46814,PF_E2_6_HB177,Plotted Finds,E2,6,Human Bone,HB,177,,,
858,5012.21849,5001.556561,100.4716,PF_E2_6_HB178,Plotted Finds,E2,6,Human Bone,HB,178,,,
859,5012.235205,5001.568721,100.47024,PF_E2_6_HB179,Plotted Finds,E2,6,Human Bone,HB,179,,,
860,5012.249645,5001.585823,100.465233,PF_E2_6_HB180,Plotted Finds,E2,6,Human Bone,HB,180,,,
861,5012.252817,5001.596491,100.466082,PF_E2_6_HB181,Plotted Finds,E2,6,Human Bone,HB,181,,,
862,5012.276137,5001.618289,100.461853,PF_E2_6_HB182,Plotted Finds,E2,6,Human Bone,HB,182,,,
863,5012.283744,5001.624183,100.462503,PF_E2_6_HB183,Plotted Finds,E2,6,Human Bone,HB,183,,,
864,5012.304656,5001.62798,100.46471,PF_E2_6_HB184,Plotted Finds,E2,6,Human Bone,HB,184,,,
865,5012.315527,5001.636667,100.473386,PF_E2_6_HB185,Plotted Finds,E2,6,Human Bone,HB,185,,,
866,5012.258641,5001.556907,100.450707,PF_E2_6_HB186,Plotted Finds,E2,6,Human Bone,HB,186,,,
867,5011.205085,4999.19748,100.465863,PF_B3_7_HB187,Plotted Finds,B3,7,Human Bone,HB,187,,,
868,5011.240855,4999.178274,100.468705,PF_B3_7_HB188,Plotted Finds,B3,7,Human Bone,HB,188,,,
869,5011.259117,4999.223198,100.438696,PF_B3_7_HB189,Plotted Finds,B3,7,Human Bone,HB,189,,,
870,5011.8651,5002.075193,100.397738,PF_E1_6_HB190,Plotted Finds,E1,6,Human Bone,HB,189,,,
874,5011.889451,4999.679229,100.493373,PF_C3_7_HB191,Plotted Finds,C3,7,Human Bone,HB,191,,,
875,5011.869951,4999.631663,100.497018,PF_C3_7_HB191,Plotted Finds,C3,7,Human Bone,HB,191,,,
876,5011.593865,4999.776298,100.464322,PF_C3_7_HB192,Plotted Finds,C3,7,Human Bone,HB,192,,,
878,5011.385355,4999.635589,100.43303,PF_C3_7_HB193,Plotted Finds,C3,7,Human Bone,HB,193,,,
879,5011.448411,4999.436159,100.437228,PF_C3_7_HB194,Plotted Finds,C3,7,Human Bone,HB,194,,,
880,5011.553949,4999.681439,100.44378,PF_C3_7_HB195,Plotted Finds,C3,7,Human Bone,HB,195,,,
882,5010.696847,4999.030552,100.46082,PF_B3_7_HB196,Plotted Finds,B3,7,Human Bone,HB,196,,,
883,5011.837321,4999.824185,100.433063,PF_C3_7_HB197,Plotted Finds,C3,7,Human Bone,HB,197,,,
890,5012.137604,4999.74429,100.471333,PF_C3_7_HB198,Plotted Finds,C3,7,Human Bone,HB,198,,,
901,5010.544059,5000.117723,100.360736,PF_B2_7_HB199,Plotted Finds,B2,7,Human Bone,HB,199,,,
902,5012.095492,4999.803855,100.425242,PF_C3_7_HB200,Plotted Finds,C3,7,Human Bone,HB,200,,,
903,5011.229472,4999.581794,100.390134,PF_C3_7_HB201,Plotted Finds,C3,7,Human Bone,HB,201,,,
904,5011.285892,4999.964669,100.383767,PF_C3_7_HB202,Plotted Finds,C3,7,Human Bone,HB,202,,,
905,5010.790983,4999.99986,100.380482,PF_B2_7_HB203,Plotted Finds,B2,7,Human Bone,HB,203,,,
906,5010.697223,5000.052959,100.372337,PF_B2_7_HB203,Plotted Finds,B2,7,Human Bone,HB,203,,,
907,5011.530745,4999.796383,100.412631,PF_C3_7_HB204,Plotted Finds,C3,7,Human Bone,HB,204,,,
908,5011.681209,4999.934411,100.417811,PF_C3_7_HB205,Plotted Finds,C3,7,Human Bone,HB,205,,,
915,5011.527381,4999.861337,100.408023,PF_C3_7_HB206,Plotted Finds,C3,7,Human Bone,HB,206,,,
916,5011.506338,5000.393353,100.381581,PF_C3_7_HB207,Plotted Finds,C3,7,Human Bone,HB,207,,,
923,5011.617904,5000.214102,100.392429,PF_C3_7_HB208,Plotted Finds,C3,7,Human Bone,HB,208,,,
924,5011.911998,4999.292442,100.489877,PF_C4_7_HB209,Plotted Finds,C4,7,Human Bone,HB,209,,,
925,5012.185763,4999.520406,100.495003,PF_C4_7_HB210,Plotted Finds,C4,7,Human Bone,HB,210,,,
926,5012.208315,4999.513749,100.464023,PF_C4_7_HB211,Plotted Finds,C4,7,Human Bone,HB,211,,,
927,5012.299888,4999.686719,100.449682,PF_C4_7_HB212,Plotted Finds,C4,7,Human Bone,HB,212,,,
936,5012.18915,4999.950792,100.461362,PF_D3_7_HB213,Plotted Finds,D3,7,Human Bone,HB,213,,,
937,5012.268287,4999.894059,100.460729,PF_D3_7_HB213,Plotted Finds,D3,7,Human Bone,HB,213,,,
942,5012.391067,4999.736823,100.461855,PF_D4_7_HB214,Plotted Finds,D4,5,Human Bone,HB,214,,,
945,5012.840425,4999.716391,100.462246,PF_D4_7_HB215,Plotted Finds,D4,7,Human Bone,HB,215,,,
946,5012.204268,4999.89559,100.445008,PF_D3_7_HB216,Plotted Finds,D3,7,Human Bone,HB,216,,,
947,5012.314981,4999.767364,100.467239,PF_D4_7_HB217,Plotted Finds,D4,7,Human Bone,HB,217,,,
957,5011.143476,5000.355516,100.367833,PF_C2_7_HB218,Plotted Finds,C2,7,Human Bone,HB,218,,,
958,5012.395062,4999.884625,100.4578,PF_D4_7_HB219,Plotted Finds,D4,7,Human Bone,HB,219,,,
960,5012.279929,4999.817987,100.44003,PF_D3_7_HB220,Plotted Finds,D3,7,Human Bone,HB,220,,,
962,5012.196803,5000.059609,100.415271,PF_D3_7_HB221,Plotted Finds,D3,7,Human Bone,HB,221,,,
969,5012.540028,5000.401935,100.474523,PF_D3_7_HB222,Plotted Finds,D3,7,Human Bone,HB,222,,,
971,5012.508833,5000.34044,100.454052,PF_D3_7_HB223,Plotted Finds,D3,7,Human Bone,HB,223,,,
972,5012.609538,5000.371937,100.458543,PF_D3_7_HB223,Plotted Finds,D3,7,Human Bone,HB,223,,,
1000,5012.412362,5001.007946,100.434267,PF_D3_7_HB224,Plotted Finds,D3,7,Human Bone,HB,224,,,
1001,5012.654957,5000.655714,100.43947,PF_D3_7_HB225,Plotted Finds,D3,7,Human Bone,HB,225,,,
1014,5012.736349,5000.544295,100.441159,PF_D3_7_HB226,Plotted Finds,D3,7,Human Bone,HB,226,,,
1015,5012.793701,5000.564686,100.445586,PF_D3_7_HB226,Plotted Finds,D3,7,Human Bone,HB,226,,,
1032,5012.275801,5001.126293,100.416141,PF_D3_7_HB227,Plotted Finds,D3,7,Human Bone,HB,227,,,
1033,5012.334397,5001.158465,100.414089,PF_D3_7_HB228,Plotted Finds,D3,7,Human Bone,HB,228,,,
1034,5012.334397,5001.158465,100.414089,PF_D3_7_HB229,Plotted Finds,D3,7,Human Bone,HB,229,,,
1043,5011.473998,5000.759337,100.376248,PF_D2_7_HB230,Plotted Finds,D2,7,Human Bone,HB,230,,,
1045,5011.720244,5000.806932,100.429709,PF_D2_7_HB231,Plotted Finds,D2,7,Human Bone,HB,231,,,
1046,5011.707748,5000.806764,100.391761,PF_D2_7_HB231,Plotted Finds,D2,7,Human Bone,HB,231,,,
1047,5011.813326,5000.762267,100.385572,PF_D2_7_HB232,Plotted Finds,D2,7,Human Bone,HB,232,,,
1048,5011.822951,5000.792672,100.386226,PF_D2_7_HB233,Plotted Finds,D2,7,Human Bone,HB,233,,,
1049,5011.831552,5000.753408,100.373283,PF_D2_7_HB233,Plotted Finds,D2,7,Human Bone,HB,233,,,
1050,5011.442099,5000.714465,100.359389,PF_D2_7_HB234,Plotted Finds,D2,7,Human Bone,HB,234,,,
1051,5011.461129,5000.787797,100.356517,PF_D2_7_HB234,Plotted Finds,D2,7,Human Bone,HB,234,,,
1052,5011.527443,5000.653848,100.34775,PF_D2_7_HB235,Plotted Finds,D2,7,Human Bone,HB,235,,,
1061,5011.589284,5000.995752,100.388155,PF_D2_7_HB236,Plotted Finds,D2,7,Human Bone,HB,236,,,
1063,5011.523746,5001.423348,100.393769,PF_D2_7_HB237,Plotted Finds,D2,7,Human Bone,HB,237,,,
1064,5011.660064,5001.173805,100.37284,PF_D2_7_HB238,Plotted Finds,D2,7,Human Bone,HB,238,,,
1091,5011.636272,5001.515956,100.372981,PF_D2_7_HB239,Plotted Finds,D2,7,Human Bone,HB,239,,,
1092,5011.893159,5001.578585,100.388337,PF_D2_7_HB240,Plotted Finds,D2,7,Human Bone,HB,240,,,
1093,5011.726428,5001.898994,100.391007,PF_D2_7_HB241,Plotted Finds,D2,7,Human Bone,HB,241,,,
1099,5011.81762,4999.316752,100.425175,PF_C4_8_HB242,Plotted Finds,C4,8,Human Bone,HB,242,,,
1100,5011.85634,4999.121968,100.441178,PF_C4_8_HB243,Plotted Finds,C4,8,Human Bone,HB,243,,,
1101,5011.905317,4999.114698,100.447914,PF_C4_8_HB244,Plotted Finds,C4,8,Human Bone,HB,244,,,
1102,5011.737678,4999.071085,100.380448,PF_C4_8_HB245,Plotted Finds,C4,8,Human Bone,HB,245,,,
1103,5011.972123,5001.633434,100.468107,PF_E2_7_HB246,Plotted Finds,E2,7,Human Bone,HB,246,,,
1104,5012.046824,5001.674855,100.395216,PF_E2_7_HB246,Plotted Finds,E2,7,Human Bone,HB,246,,,
1105,5012.541588,5001.537469,100.421508,PF_E2_7_HB247,Plotted Finds,E2,7,Human Bone,HB,247,,,
1106,5012.33562,5001.600087,100.425927,PF_E2_7_HB248,Plotted Finds,E2,7,Human Bone,HB,248,,,
1107,5012.402007,5001.591954,100.419727,PF_E2_7_HB248,Plotted Finds,E2,7,Human Bone,HB,248,,Check on these two.,
1108,5012.411905,5001.594373,100.421897,PF_E2_7_HB249,Plotted Finds,E2,7,Human Bone,HB,249,,,
1109,5012.407584,5001.61844,100.424562,PF_E2_7_HB250,Plotted Finds,E2,7,Human Bone,HB,250,,,
1110,5012.341392,5001.634525,100.429726,PF_E2_7_HB250,Plotted Finds,E2,7,Human Bone,HB,250,,,
1111,5012.305038,5001.647213,100.428613,PF_E2_7_HB251,Plotted Finds,E2,7,Human Bone,HB,251,,,
1112,5011.942125,4999.346095,100.430453,PF_C4_8_HB252,Plotted Finds,C4,8,Human Bone,HB,252,,,
1113,5012.327982,5001.586398,100.421164,PF_E2_7_HB253,Plotted Finds,E2,7,Human Bone,HB,253,,,
1137,5011.175528,4998.925776,100.403582,PF_B3_8_HB254,Plotted Finds,B3,8,Human Bone,HB,254,,,
1138,5011.214575,4998.88443,100.410613,PF_B3_8_HB254,Plotted Finds,B3,8,Human Bone,HB,254,,,
1140,5012.303491,5001.519679,100.420456,PF_E2_7_HB255,Plotted Finds,E2,7,Human Bone,HB,255,,,
1141,5012.341992,5001.595328,100.430113,PF_E2_7_HB256,Plotted Finds,E2,7,Human Bone,HB,256,,,
1142,5012.324361,5001.59328,100.420507,PF_E2_7_HB257,Plotted Finds,E2,7,Human Bone,HB,257,,,
1143,5012.3713,5001.600484,100.425183,PF_E2_7_HB258,Plotted Finds,E2,7,Human Bone,HB,258,,,
1144,5012.365685,5001.615997,100.421958,PF_E2_7_HB259,Plotted Finds,E2,7,Human Bone,HB,259,,,
1145,5012.412162,5001.593155,100.427011,PF_E2_7_HB260,Plotted Finds,E2,7,Human Bone,HB,260,,,
1146,5012.413486,5001.62078,100.428185,PF_E2_7_HB261,Plotted Finds,E2,7,Human Bone,HB,261,,,
1147,5012.441792,5001.584141,100.429232,PF_E2_7_HB262,Plotted Finds,E2,7,Human Bone,HB,262,,,
1148,5012.396274,5001.715854,100.403685,PF_E2_7_HB263,Plotted Finds,E2,7,Human Bone,HB,263,,,
1150,5012.374801,5001.631913,100.419408,PF_E2_7_HB264,Plotted Finds,E2,7,Human Bone,HB,264,,,
1151,5012.405125,5001.635112,100.417002,PF_E2_7_HB265,Plotted Finds,E2,7,Human Bone,HB,265,,,
1152,5012.419286,5001.630302,100.408416,PF_E2_7_HB266,Plotted Finds,E2,7,Human Bone,HB,266,,,
1153,5012.430678,5001.638129,100.399776,PF_E2_7_HB267,Plotted Finds,E2,7,Human Bone,HB,267,,,
1158,5012.031009,4999.693456,100.400301,PF_C3_8_HB268,Plotted Finds,C3,8,Human Bone,HB,268,,,
1160,5012.372603,5001.61611,100.405112,PF_E2_7_HB269,Plotted Finds,E2,7,Human Bone,HB,269,,,
1161,5012.368706,5001.631198,100.405294,PF_E2_7_HB270,Plotted Finds,E2,7,Human Bone,HB,270,,,
1162,5012.384938,5001.634169,100.402703,PF_E2_7_HB271,Plotted Finds,E2,7,Human Bone,HB,271,,,
1163,5012.386805,5001.647365,100.403331,PF_E2_7_HB272,Plotted Finds,E2,7,Human Bone,HB,272,,,
1164,5012.396232,5001.655539,100.4012,PF_E2_7_HB273,Plotted Finds,E2,7,Human Bone,HB,273,,,
1168,5012.371933,5001.659472,100.392957,PF_E2_7_HB274,Plotted Finds,E2,7,Human Bone,HB,274,,,
1169,5012.386248,5001.640197,100.387105,PF_E2_7_HB275,Plotted Finds,E2,7,Human Bone,HB,275,,,
1170,5011.650752,4999.951997,100.388733,PF_C3_8_HB276,Plotted Finds,C3,8,Human Bone,HB,276,,,
1171,5011.627513,4999.976887,100.386707,PF_C3_8_HB277,Plotted Finds,C3,8,Human Bone,HB,277,,,
1172,5011.621296,4999.929413,100.389403,PF_C3_8_HB278,Plotted Finds,C3,8,Human Bone,HB,278,,,
1173,5011.604807,4999.913027,100.391328,PF_C3_8_HB279,Plotted Finds,C3,8,Human Bone,HB,279,,,
1174,5011.604551,4999.839688,100.386849,PF_C3_8_HB280,Plotted Finds,C3,8,Human Bone,HB,280,,,
1175,5011.52548,4999.800517,100.388477,PF_C3_8_HB280,Plotted Finds,C3,8,Human Bone,HB,280,,,
1176,5011.517506,4999.841629,100.377275,PF_C3_8_HB281,Plotted Finds,C3,8,Human Bone,HB,281,,,
1177,5012.341004,5001.646109,100.383952,PF_E2_7_HB282,Plotted Finds,E2,7,Human Bone,HB,282,,,
1178,5012.320164,5001.625447,100.379199,PF_E2_7_HB283,Plotted Finds,E2,7,Human Bone,HB,283,,,
1186,5011.964507,5002.167779,100.361959,PF_E2_7_HB284,Plotted Finds,E2,7,Human Bone,HB,284,,,
1187,5011.471663,5000.310347,100.376462,PF_C3_8_HB285,Plotted Finds,C3,8,Human Bone,HB,285,,,
1229,5012.62119,5000.589535,100.397159,PF_D3_8_HB286,Plotted Finds,D3,8,Human Bone,HB,286,,,
1230,5012.348803,5001.181763,100.407063,PF_D3_8_HB287,Plotted Finds,D3,8,Human Bone,HB,287,,,
1231,5011.78725,5000.686001,100.362878,PF_D3_8_HB288,Plotted Finds,D3,8,Human Bone,HB,288,,,
1263,5011.960458,5001.540599,100.36524,PF_E2_8_HB289,Plotted Finds,E2,8,Human Bone,HB,289,,,
1264,5012.259212,5001.609571,100.366334,PF_E2_8_HB289,Plotted Finds,E2,8,Human Bone,HB,289,,,
1265,5011.927289,5001.568955,100.380157,PF_E2_8_HB290,Plotted Finds,E2,8,Human Bone,HB,290,,,
1266,5012.239914,5001.631977,100.379823,PF_E2_8_HB290,Plotted Finds,E2,8,Human Bone,HB,290,,,
1267,5012.299532,5001.606918,100.363927,PF_E2_8_HB291,Plotted Finds,E2,8,Human Bone,HB,291,,,
1268,5012.291059,5001.648347,100.367824,PF_E2_8_HB292,Plotted Finds,E2,8,Human Bone,HB,292,,,
1269,5012.311258,5001.664888,100.347341,PF_E2_8_HB293,Plotted Finds,E2,8,Human Bone,HB,293,,,
1270,5012.343941,5001.631338,100.374143,PF_E2_8_HB294,Plotted Finds,E2,8,Human Bone,HB,294,,,
1271,5012.342842,5001.625956,100.364863,PF_E2_8_HB295,Plotted Finds,E2,8,Human Bone,HB,295,,,
1272,5012.332755,5001.641692,100.363481,PF_E2_8_HB296,Plotted Finds,E2,8,Human Bone,HB,296,,,
1273,5012.29588,5001.624201,100.362519,PF_E2_8_HB297,Plotted Finds,E2,8,Human Bone,HB,297,,,
1274,5012.111554,5001.689676,100.364303,PF_E2_8_HB298,Plotted Finds,E2,8,Human Bone,HB,298,,,
1277,5012.280907,5001.647596,100.353617,PF_E2_8_HB299,Plotted Finds,E2,8,Human Bone,HB,299,,,
1278,5012.336963,5001.650171,100.347653,PF_E2_8_HB300,Plotted Finds,E2,8,Human Bone,HB,300,,,
1279,5012.298213,5001.627616,100.339357,PF_E2_8_HB301,Plotted Finds,E2,8,Human Bone,HB,301,,,
1281,5011.944948,5001.596208,100.356315,PF_E2_8_HB302,Plotted Finds,E2,8,Human Bone,HB,302,,,
1282,5012.222528,5001.695561,100.323958,PF_E2_8_HB302,Plotted Finds,E2,8,Human Bone,HB,302,,,
1283,5012.298488,5001.655067,100.334102,PF_E2_8_HB303,Plotted Finds,E2,8,Human Bone,HB,303,,,
1290,5010.924022,4999.721917,100.354439,PF_B3_9_HB304,Plotted Finds,B3,9,Human Bone,HB,304,,,
1306,5010.86761,4999.737056,100.354185,PF_B3_9_HB305,Plotted Finds,B3,9,Human Bone,HB,305,,,
1307,5011.462108,4999.122725,100.142819,PF_B3NWSEC_HB306,Plotted Finds,B3,,Human Bone,HB,306,,,
1308,5010.888157,4999.519734,100.318164,PF_B3_9_HB307,Plotted Finds,B3,9,Human Bone,HB,307,,,
1313,5010.920947,4999.763219,100.344076,PF_B3_9_HB308,Plotted Finds,B3,9,Human Bone,HB,308,,,
1314,5012.214106,4999.866845,100.346397,PF_C3_9_HB309,Plotted Finds,C3,9,Human Bone,HB,309,,,
1315,5011.616018,4999.341429,100.342197,PF_C3_9_HB310,Plotted Finds,C3,9,Human Bone,HB,310,,,
1316,5011.818955,4999.983616,100.373128,PF_C3_9_HB310,Plotted Finds,C3,9,Human Bone,HB,310,,,
1317,5010.87765,4999.876532,100.32859,PF_B3_9_HB311,Plotted Finds,B3,9,Human Bone,HB,311,,,
1320,5012.180548,4999.889018,100.354217,PF_C3_9_HB313,Plotted Finds,C3,9,Human Bone,HB,313,,,
1321,5010.434209,5000.110445,100.328169,PF_B2_9_HB314,Plotted Finds,B2,9,Human Bone,HB,314,,,
1323,5011.419688,5000.021083,100.348419,PF_C3_9_HB315,Plotted Finds,C3,9,Human Bone,HB,315,,,
1324,5010.620264,5000.133606,100.336617,PF_B2_9_HB316,Plotted Finds,B2,9,Human Bone,HB,316,,,
1325,5011.745472,4999.164362,100.342352,PF_C4_9_HB317,Plotted Finds,C4,9,Human Bone,HB,317,,,
1340,5011.454531,5000.277863,100.326109,PF_C3_9_HB318,Plotted Finds,C3,9,Human Bone,HB,318,,,
1341,5010.653391,5000.280056,100.332022,PF_C2_9_HB319,Plotted Finds,C2,9,Human Bone,HB,319,,,
1343,5010.874306,5000.389381,100.350679,PF_C2_9_HB320,Plotted Finds,C2,9,Human Bone,HB,320,,,
1357,5011.326384,5000.007169,100.334882,PF_C3_9_HB321,Plotted Finds,C3,9,Human Bone,HB,321,,,
1358,5011.27598,4999.98931,100.365392,PF_C3_9_HB322,Plotted Finds,C3,9,Human Bone,HB,322,,,
1359,5011.225913,4999.994563,100.3582,PF_C3_9_HB323,Plotted Finds,C3,9,Human Bone,HB,323,,,
1360,5011.059357,5000.547095,100.30137,PF_C2_9_HB324,Plotted Finds,C2,9,Human Bone,HB,324,,,
1367,5012.329221,5000.217096,100.354822,PF_D3_9_HB325,Plotted Finds,D3,9,Human Bone,HB,325,,,
1373,5012.364205,5000.303836,100.339209,PF_B3_9_HB326,Plotted Finds,B3,9,Human Bone,HB,326,,,
1375,5011.531478,5000.613705,100.342666,PF_D2_9_HB327,Plotted Finds,D2,9,Human Bone,HB,327,,,
1376,5011.462396,5000.824863,100.333197,PF_D2_9_HB328,Plotted Finds,D2,9,Human Bone,HB,328,,,
1377,5011.44239,5001.068073,100.33169,PF_D2_9_HB328,Plotted Finds,D2,9,Human Bone,HB,328,,,
1378,5011.383207,5000.726197,100.348969,PF_D2_9_HB329,Plotted Finds,D2,9,Human Bone,HB,329,,,
1379,5011.229256,5000.987216,100.272531,PF_D2_9_HB329,Plotted Finds,D2,9,Human Bone,HB,329,,,
1381,5011.956082,5000.89472,100.324532,PF_D3_9_HB330,Plotted Finds,D3,9,Human Bone,HB,330,,,
1384,5011.525418,5000.818043,100.338722,PF_D2_9_HB331,Plotted Finds,D2,9,Human Bone,HB,331,,,
1385,5011.432718,5001.057051,100.297532,PF_D2_9_HB331,Plotted Finds,D2,9,Human Bone,HB,331,,,
1396,5012.700098,5000.798802,100.334219,PF_D3_9_HB332,Plotted Finds,D3,9,Human Bone,HB,332,,,
1397,5012.352141,4999.975208,100.334436,PF_D3_9_HB333,Plotted Finds,D3,9,Human Bone,HB,333,,,
1400,5012.681798,5000.137479,100.355885,PF_D4_9_HB349,Plotted Finds,D4,9,Human Bone,HB,349,,,
1401,5012.76833,5000.221865,100.413537,PF_D4_9_HB334,Plotted Finds,D4,9,Human Bone,HB,334,,,
1402,5011.196151,5001.024064,100.225919,PF_D2_9_HB331,Plotted Finds,D2,9,Human Bone,HB,331,,,
1411,5013.149987,4999.746709,100.333327,PF_D4_9_HB335,Plotted Finds,D4,9,Human Bone,HB,335,,,
1505,5011.678408,5001.012867,100.27992,PF_D2_9_HB336,Plotted Finds,D2,9,Human Bone,HB,336,,,
1506,5011.732169,5001.038031,100.27893,PF_D2_9_HB336,Plotted Finds,D2,9,Human Bone,HB,336,,,
1507,5011.712187,5000.959043,100.282134,PF_D2_9_HB336,Plotted Finds,D2,9,Human Bone,HB,336,,,
1508,5011.635393,5000.983766,100.286667,PF_D2_9_HB336,Plotted Finds,D2,9,Human Bone,HB,336,,,
1509,5011.658046,5001.060827,100.277056,PF_D2_9_HB336,Plotted Finds,D2,9,Human Bone,HB,336,,,
1526,5012.99686,4999.870887,100.316054,PF_D4_9_HB337,Plotted Finds,D4,9,Human Bone,HB,337,,,
1527,5013.044874,4999.729608,100.325972,PF_D4_9_HB338,Plotted Finds,D4,9,Human Bone,HB,338,,,
102,5011.6604,4999.941852,100.77404,PF_C3_3_L1,Plotted Finds,C3,3,Lithic,L,1,,,
103,5011.986692,5000.007823,100.766916,PF_C3_3_L2,Plotted Finds,C3,3,Lithic,L,2,,,
104,5011.791605,5000.289575,100.75056,PF_C3_3_L3,Plotted Finds,C3,3,Lithic,L,3,,,
122,5010.780631,5000.176252,100.632148,PF_C3_2_L4,Plotted Finds,C3,2,Lithic,L,4,,,
158,5012.653761,5001.062185,100.657653,PF_E3_3_L6,Plotted Finds,E3,3,Lithic,L,6,,,
160,5012.305305,5001.897567,100.587473,PF_E2_3_L8,Plotted Finds,E2,3,Lithic,L,8,,,
185,5011.42668,5000.462239,100.581541,PF_C2_4_L8,Plotted Finds,C2,4,Lithic,L,8,,,
188,5011.014993,4999.203123,100.592541,PF_B3_4_L9,Plotted Finds,B3,4,Lithic,L,9,,,
194,5011.084941,4999.75144,100.619252,PF_C3_4_L10,Plotted Finds,C3,4,Lithic,L,10,,,
208,5011.576593,4999.595774,100.573253,PF_C3_4A_L11,Plotted Finds,C3,4A,Lithic,L,11,,,
223,5011.941546,4999.957264,100.919709,PF_C3_4_L12,Plotted Finds,C3,4,Lithic,L,12,,,
229,5011.982169,4999.566973,100.601702,PF_C3_4_L13,Plotted Finds,C3,4,Lithic,L,13,,,
230,5011.927388,5000.81718,100.559945,PF_D3_4A_L14,Plotted Finds,D3,4A,Lithic,L,14,,,
242,5012.038056,5000.298391,100.59085,PF_D3_4_L15,Plotted Finds,D3,4,Lithic,L,15,,,
243,5012.477596,5000.027898,100.595483,PF_D3_4_L16,Plotted Finds,D3,4,Lithic,L,16,,,
245,5012.516879,4999.22532,100.614387,PF_C4_4_L17,Plotted Finds,C4,4,Lithic,L,17,,,
246,5012.144272,5000.197649,100.577805,PF_D3_4_L18,Plotted Finds,D3,4,Lithic,L,18,,,
259,5012.714358,5001.638121,100.537963,PF_E2_4_L19,Plotted Finds,E2,4,Lithic,L,19,,,
260,5012.659235,5000.081905,100.583479,PF_D4_4_L20,Plotted Finds,D4,4,Lithic,L,20,,,
261,5013.306823,4999.733573,100.629663,PF_D4_4_L21,Plotted Finds,D4,4,Lithic,L,21,,,
264,5012.892116,4999.651356,100.639206,PF_D4_4_L22,Plotted Finds,D4,4,Lithic,L,22,,,
271,5012.778638,4999.481358,100.602031,PF_D4_4_L23,Plotted Finds,D4,4,Lithic,L,23,,,
272,5012.310398,5002.160687,100.518509,PF_E2_4_L24,Plotted Finds,E2,4,Lithic,L,24,,,
273,5012.598029,5001.64565,100.522162,PF_E2_4_L25,Plotted Finds,E2,4,Lithic,L,25,,,
274,5012.731188,5002.125578,100.527517,PF_E2_4_L26,Plotted Finds,E2,4,Lithic,L,26,,,
281,5013.160035,4999.707371,100.583698,PF_D4_4_L27,Plotted Finds,D4,4,Lithic,L,27,,,
287,5012.980072,5000.049172,100.605373,PF_D4_4_L28,Plotted Finds,D4,4,Lithic,L,28,,,
291,5013.564789,5000.086765,100.604375,PF_E4_4_L29,Plotted Finds,E4,4,Lithic,L,29,,,
292,5013.839166,4999.951141,100.620771,PF_E4_4_L30,Plotted Finds,E4,4,Lithic,L,30,,,
293,5012.926637,5000.109939,100.565501,PF_D4_4_L31,Plotted Finds,D4,4,Lithic,L,31,,,
294,5013.494676,5000.504332,100.58655,PF_E4_4_L32,Plotted Finds,E4,4,Lithic,L,32,,,
295,5013.432213,5000.514915,100.575003,PF_E4_4_L33,Plotted Finds,E4,4,Lithic,L,33,,,
302,5013.862144,5000.485564,100.565063,PF_E4_4_L33,Plotted Finds,E4,4,Lithic,L,33,,,
350,5010.619165,4999.984396,100.510733,PF_B2_5_L35,Plotted Finds,B2,5,Lithic,L,35,,,
352,5011.094999,4999.845613,100.547341,PF_C3_5_L36,Plotted Finds,C3,5,Lithic,L,36,,,
359,5011.167821,4999.855415,100.524518,PF_C3_5_L37,Plotted Finds,C3,5,Lithic,L,37,,,
361,5012.008733,4999.707354,100.569953,PF_C3_5_L38,Plotted Finds,C3,5,Lithic,L,38,,,
362,5011.885127,5000.191191,100.554554,PF_C3_5_L39,Plotted Finds,C3,5,Lithic,L,39,,,
379,5011.132914,4999.925357,100.517349,PF_C3_5_L40,Plotted Finds,C3,5,Lithic,L,40,,,
381,5011.151851,4999.946407,100.520018,PF_C3_5_L41,Plotted Finds,C3,5,Lithic,L,41,,,
404,5011.52028,4999.551589,100.545098,PF_C3_5_L42,Plotted Finds,C3,5,Lithic,L,42,,,
411,5010.79981,5000.113553,100.546473,PF_C2_5_L43,Plotted Finds,C2,5,Lithic,L,43,,,
412,5010.912807,5000.04341,100.509077,PF_C2_5_L44,Plotted Finds,C2,5,Lithic,L,44,,,
420,5010.916772,5000.179758,100.518617,PF_C2_5_L45,Plotted Finds,C2,5,Lithic,L,45,,,
438,5010.891754,5000.457979,100.522223,PF_C2_5_L46,Plotted Finds,C2,5,Lithic,L,46,,,
440,5011.740333,5000.37917,100.552606,PF_C3_5_L47,Plotted Finds,C3,5,Lithic,L,47,,,
441,5011.699849,5000.461258,100.550414,PF_C3_5_L48,Plotted Finds,C3,5,Lithic,L,48,,,
445,5011.280749,5000.672424,100.555462,PF_C2_5_L49,Plotted Finds,C2,5,Lithic,L,49,,,
446,5011.335754,5000.569945,100.559419,PF_C2_5_L49,Plotted Finds,C2,5,Lithic,L,49,,,
447,5011.44164,5000.647604,100.559455,PF_C2_5_L49,Plotted Finds,C2,5,Lithic,L,49,,,
448,5011.351759,5000.731173,100.549391,PF_C2_5_L49,Plotted Finds,C2,5,Lithic,L,49,,,
449,5011.352942,5000.667493,100.547104,PF_C2_5_L49,Plotted Finds,C2,5,Lithic,L,49,,,
450,5011.915939,4999.834498,100.549617,PF_C3_5_L50,Plotted Finds,C3,5,Lithic,L,50,,,
457,5011.173109,5000.465551,100.497009,PF_C2_5_L51,Plotted Finds,C2,5,Lithic,L,51,,,
477,5012.402036,5000.056114,100.514635,PF_D3_5_L55,Plotted Finds,D3,5,Lithic,L,55,,,
483,5011.572744,5000.338809,100.592123,PF_C3_5_L52,Plotted Finds,C3,5,Lithic,L,52,,,
484,5011.508147,5000.339235,100.580761,PF_C3_5_L52,Plotted Finds,C3,5,Lithic,L,52,,,
485,5011.584082,5000.330888,100.482473,PF_C3_5_L52,Plotted Finds,C3,5,Lithic,L,52,,,
486,5011.516153,5000.329307,100.476867,PF_C3_5_L52,Plotted Finds,C3,5,Lithic,L,52,,,
487,5011.642647,5000.496376,100.53971,PF_C3_5_L53,Plotted Finds,C3,5,Lithic,L,53,,,
495,5011.717937,5000.420619,100.525341,PF_C3_5_L54,Plotted Finds,C3,5,Lithic,L,54,,,
497,5011.51365,5000.889024,100.500015,PF_D2_5_L56,Plotted Finds,D2,5,Lithic,L,56,,,
500,5011.477498,5001.028175,100.497157,PF_D2_5_L57,Plotted Finds,D2,5,Lithic,L,57,,,
576,5012.140127,5001.827469,100.488159,PF_E2_5_L58,Plotted Finds,E2,5,Lithic,L,58,,,
624,5012.133622,4998.676599,100.547861,PF_C4_6_L59,Plotted Finds,C4,6,Lithic,L,59,,,
678,5013.667129,5000.204826,100.517285,PF_E4_6_L60,Plotted Finds,E4,6,Lithic,L,60,,,
679,5013.673677,4999.895397,100.548591,PF_E4_6_L61,Plotted Finds,E4,6,Lithic,L,61,,,
680,5011.48319,4999.440009,100.529507,PF_C3_6_L62,Plotted Finds,C3,6,Lithic,L,62,,,
688,5011.845366,4999.909538,100.501626,PF_C3_6_L63,Plotted Finds,C3,6,Lithic,L,63,,,
715,5011.564671,5001.380085,100.423477,PF_D2_6_L64,Plotted Finds,D2,6,Lithic,L,64,,,
748,5012.730504,5000.488766,100.525124,PF_D3_6_L65,Plotted Finds,D3,6,Lithic,L,65,,,
796,5011.902048,5000.815967,100.436022,PF_D3_6_L66,Plotted Finds,D3,6,Lithic,L,66,,,
805,5011.127277,5000.566897,100.443595,PF_C2_6_L67,Plotted Finds,C2,6,Lithic,L,67,,,
807,5011.46075,5000.497741,100.422001,PF_C2_6_L68,Plotted Finds,C2,6,Lithic,L,68,,,
821,5011.122103,5000.735777,100.426049,PF_C2_6_L69,Plotted Finds,C2,6,Lithic,L,69,,,
825,5012.832577,5001.83644,100.466092,PF_E2_6_L70,Plotted Finds,E2,6,Lithic,L,70,,,
877,5011.463896,4999.727073,100.436721,PF_C3_7_L71,Plotted Finds,C3,7,Lithic,L,71,,,
881,5011.58007,4999.415143,100.471197,PF_C3_7_L72,Plotted Finds,C3,7,Lithic,L,72,,,
909,5011.729213,4999.998828,100.41149,PF_C3_7_L73,Plotted Finds,C3,7,Lithic,L,73,,,
917,5011.49315,5000.283327,100.38397,PF_C3_7_L74,Plotted Finds,C3,7,Lithic,L,74,,,
928,5012.452795,4999.227981,100.451549,PF_C4_7_L75,Plotted Finds,C4,7,Lithic,L,75,,,
935,5012.729904,4999.516466,100.498467,PF_D4_7_L76,Plotted Finds,D4,7,Lithic,L,76,,,
938,5012.230664,5000.073106,100.468113,PF_D3_7_L77,Plotted Finds,D3,7,Lithic,L,77,,,
939,5012.668955,4999.715838,100.455283,PF_D4_7_L78,Plotted Finds,D4,7,Lithic,L,78,,,
940,5012.252075,4999.998473,100.446332,PF_D3_7_L79,Plotted Finds,D3,7,Lithic,L,79,,,
941,5012.350422,5000.031,100.478718,PF_D3_7_L80,Plotted Finds,D3,7,Lithic,L,80,,,
943,5012.333226,4999.818811,100.485835,PF_D4_7_L81,Plotted Finds,D4,7,Lithic,L,81,,,
944,5012.272191,5000.163656,100.445582,PF_D3_7_L82,Plotted Finds,D3,7,Lithic,L,82,,,
948,5012.433261,4999.736496,100.509559,PF_D4_7_L83,Plotted Finds,D4,7,Lithic,L,83,,,
949,5012.539281,4999.752178,100.494811,PF_D4_7_L83,Plotted Finds,D4,7,Lithic,L,83,,,
950,5012.497167,4999.777928,100.519018,PF_D4_7_L83,Plotted Finds,D4,7,Lithic,L,83,,,
951,5012.439843,4999.823335,100.494255,PF_D4_7_L83,Plotted Finds,D4,7,Lithic,L,83,,,
952,5012.485613,4999.853095,100.477903,PF_D4_7_L83,Plotted Finds,D4,7,Lithic,L,83,,,
953,5012.439498,4999.777206,100.447616,PF_D4_7_L83,Plotted Finds,D4,7,Lithic,L,83,,,
954,5012.538433,4999.796107,100.45074,PF_D4_7_L83,Plotted Finds,D4,7,Lithic,L,83,,,
955,5012.48437,4999.81448,100.469238,PF_D4_7_L83,Plotted Finds,D4,7,Lithic,L,83,,,
956,5012.421261,5000.267239,100.467976,PF_D3_7_L84,Plotted Finds,D3,7,Lithic,L,84,,,
961,5012.934818,4999.876423,100.502169,PF_D4_7_L85,Plotted Finds,D4,7,Lithic,L,85,,,
968,5012.92096,5000.117751,100.475392,PF_D4_7_L86,Plotted Finds,D4,7,Lithic,L,86,,,
1041,5011.532436,5000.762145,100.428148,PF_D2_7_L87,Plotted Finds,D2,7,Lithic,L,87,,,
1042,5011.415675,5000.724597,100.373278,PF_D2_7_L88,Plotted Finds,D2,7,Lithic,L,88,,,
1062,5011.699733,5001.205667,100.398184,PF_D2_7_L89,Plotted Finds,D2,7,Lithic,L,89,,,
1114,5011.971574,4999.472187,100.398413,PF_C4_8_L90,Plotted Finds,C4,8,Lithic,L,90,,,
1115,5011.95689,4999.481122,100.396749,PF_C4_8_L90,Plotted Finds,C4,8,Lithic,L,90,,,
1139,5011.332309,4999.207157,100.385996,PF_B3_8_L91,Plotted Finds,B3,8,Lithic,L,91,,,
1149,5010.838382,4999.649214,100.370902,PF_B3_8_L92,Plotted Finds,B3,8,Lithic,L,92,,,
1166,5011.72267,4999.555506,100.384599,PF_C3_8_L93,Plotted Finds,C3,8,Lithic,L,93,,,
1167,5011.61283,4999.497066,100.367986,PF_C3_8_L94,Plotted Finds,C3,8,Lithic,L,94,,,
1180,5012.25321,5002.04545,100.358794,PF_E2_7_L95,Plotted Finds,E2,7,Lithic,L,95,,,
1217,5012.708122,5000.464256,100.42812,PF_D3_8_L96,Plotted Finds,D3,8,Lithic,L,96,,,
1275,5012.351551,5001.610837,100.360419,PF_E2_8_L97,Plotted Finds,E2,8,Lithic,L,97,,,
1276,5012.386194,5001.695096,100.342729,PF_E2_8_L98,Plotted Finds,E2,8,Lithic,L,98,,,
1280,5012.108196,5001.660838,100.369247,PF_E2_8_L99,Plotted Finds,E2,8,Lithic,L,99,,,
1295,5011.348843,4999.614055,100.363656,PF_C3_9_L100,Plotted Finds,C3,9,Lithic,L,100,,,
1305,5010.917153,4999.898837,100.351427,PF_C3_9_L101,Plotted Finds,C3,9,Lithic,L,101,,,
1312,5011.865245,4999.650074,100.369784,PF_C3_9_L102,Plotted Finds,C3,9,Lithic,L,102,,,
1322,5010.594904,4999.861723,100.285551,PF_B2_9_L103,Plotted Finds,B2,9,Lithic,L,103,,,
1344,5011.283995,5000.246353,100.362891,PF_C3_9_L104,Plotted Finds,C3,9,Lithic,L,104,,,
1345,5011.275424,5000.18355,100.34178,PF_C3_9_L104,Plotted Finds,C3,9,Lithic,L,104,,,
1346,5011.23749,5000.231075,100.333572,PF_C3_9_L104,Plotted Finds,C3,9,Lithic,L,104,,,
1347,5011.244948,5000.182129,100.310529,PF_C3_9_L104,Plotted Finds,C3,9,Lithic,L,104,,,
1348,5011.266932,5000.255969,100.299251,PF_C3_9_L104,Plotted Finds,C3,9,Lithic,L,104,,,
1349,5011.275261,5000.182924,100.309069,PF_C3_9_L104,Plotted Finds,C3,9,Lithic,L,104,,,
1350,5011.268574,5000.215652,100.302029,PF_C3_9_L104,Plotted Finds,C3,9,Lithic,L,104,,,
1383,5013.311988,4999.934811,100.35566,PF_D4_9_L106,Plotted Finds,D4,9,Lithic,L,106,,,
1398,5011.700665,5000.629106,100.312188,PF_D3_9_L107,Plotted Finds,D3,9,Lithic,L,107,,,
1399,5012.463151,4999.826066,100.344123,PF_D4_9_L108,Plotted Finds,D4,9,Lithic,L,108,,,
1403,5013.020633,4999.231637,100.36441,PF_D4_9_L109,Plotted Finds,D4,9,Lithic,L,109,,,
1410,5011.948819,5001.470279,100.334123,PF_D2_9_L110,Plotted Finds,D2,9,Lithic,L,110,,,
132,5013.010169,4999.53943,100.654569,PF_D4_3_L5,Plotted Finds,D4,3,Lithic ,L,5,,,
1382,5012.065703,5000.956338,100.329304,PF_D3_9_L105,Plotted Finds,D3,9,Lithic ,L,105,,,
1216,5012.786754,5000.499561,100.423218,PF_D3_8_L96,Plotted Finds,D3,8,Lithis,L,96,,,
105,5011.73651,5000.480783,100.743732,PF_C3_3_M1,Plotted Finds,C3,3,Metal,M,1,,,
166,5013.017171,5000.757306,100.615638,PF_E3_3_M3,Plotted Finds,E3,3,Metal,M,3,,,
167,5013.115673,5001.312384,100.622707,PF_E3_3_M4,Plotted Finds,E3,3,Metal,M,4,,,
200,5011.067839,4999.348761,100.587245,PF_B3_4_M5,Plotted Finds,B3,4,Metal,M,5,,,
531,5011.473916,5001.030171,100.477278,PF_D2_5_O1,Plotted Finds,D2,5,Otilith,O,1,,,
603,5011.906193,4999.344969,100.540445,PF_C4_6_OT1,Plotted Finds,C4,6,Otilith,O,1,,,
213,5011.159712,5000.100307,100.629254,PF_C3_4B_R1,Plotted Finds,C3,4B,Rock,R,1,,,
214,5011.088993,5000.061348,100.567111,PF_C3_4B_R1,Plotted Finds,C3,4B,Rock,R,1,,,
244,5012.312664,4999.358336,100.581021,PF_C4_4_R2,Plotted Finds,C4,4,Rock,R,2,,,
363,5011.367261,4999.12478,100.540395,PF_B3_5_R3,Plotted Finds,B3,5,Rock,R,3,,,
364,5011.430593,4999.199104,100.537081,PF_B3_5_R3,Plotted Finds,B3,5,Rock,R,3,,,
365,5011.324508,4999.329949,100.524379,PF_B3_5_R3,Plotted Finds,B3,5,Rock,R,3,,,
366,5011.245981,4999.255574,100.542247,PF_B3_5_R3,Plotted Finds,B3,5,Rock,R,3,,,
367,5011.36719,4999.148981,100.58586,PF_B3_5_R3,Plotted Finds,B3,5,Rock,R,3,,,
368,5011.403854,4999.206465,100.586838,PF_B3_5_R3,Plotted Finds,B3,5,Rock,R,3,,,
369,5011.331838,4999.325422,100.578198,PF_B3_5_R3,Plotted Finds,B3,5,Rock,R,3,,,
370,5011.261342,4999.232,100.587756,PF_B3_5_R3,Plotted Finds,B3,5,Rock,R,3,,,
371,5011.33457,4999.152148,100.540374,PF_B3_5_R3,Plotted Finds,B3,5,Rock,R,3,,,
372,5011.404981,4999.197966,100.531762,PF_B3_5_R3,Plotted Finds,B3,5,Rock,R,3,,,
373,5011.348323,4999.293295,100.537544,PF_B3_5_R3,Plotted Finds,B3,5,Rock,R,3,,,
374,5011.249466,4999.262114,100.540059,PF_B3_5_R3,Plotted Finds,B3,5,Rock,R,3,,,
460,5012.006398,4999.984993,100.564799,PF_C3_5_R4,Plotted Finds,C3,5,Rock,R,4,,,
461,5011.973515,4999.926681,100.559165,PF_C3_5_R4,Plotted Finds,C3,5,Rock,R,4,,,
462,5012.048284,4999.902545,100.560491,PF_C3_5_R4,Plotted Finds,C3,5,Rock,R,4,,,
463,5012.041791,4999.949472,100.562246,PF_C3_5_R4,Plotted Finds,C3,5,Rock,R,4,,,
464,5012.005043,4999.934547,100.53428,PF_C3_5_R4,Plotted Finds,C3,5,Rock,R,4,,,
465,5011.335494,5000.689139,100.507585,PF_C2_5_R5,Plotted Finds,C2,5,Rock,R,5,,,
466,5011.34751,5000.835878,100.535569,PF_C2_5_R5,Plotted Finds,C2,5,Rock,R,5,,,
467,5011.18929,5000.658322,100.514833,PF_C2_5_R5,Plotted Finds,C2,5,Rock,R,5,,,
468,5011.325745,5000.691366,100.508475,PF_C2_5_R5,Plotted Finds,C2,5,Rock,R,5,,,
469,5011.272864,5000.864836,100.55456,PF_C2_5_R5,Plotted Finds,C2,5,Rock,R,5,,,
470,5011.29206,5000.812524,100.614415,PF_C2_5_R5,Plotted Finds,C2,5,Rock,R,5,,,
471,5011.186212,5000.673908,100.564894,PF_C2_5_R5,Plotted Finds,C2,5,Rock,R,5,,,
472,5011.314682,5000.676352,100.535177,PF_C2_5_R5,Plotted Finds,C2,5,Rock,R,5,,,
473,5011.324149,5000.777391,100.537053,PF_C2_5_R5,Plotted Finds,C2,5,Rock,R,5,,,
474,5011.278558,5000.825156,100.551934,PF_C2_5_R5,Plotted Finds,C2,5,Rock,R,5,,,
475,5011.188866,5000.714623,100.536891,PF_C2_5_R5,Plotted Finds,C2,5,Rock,R,5,,,
476,5011.275247,5000.682724,100.504674,PF_C2_5_R5,Plotted Finds,C2,5,Rock,R,5,,,
504,5011.429177,5000.93279,100.57154,PF_D2_5_R6,Plotted Finds,D2,5,Rock,R,6,,,
505,5011.493653,5000.923487,100.539922,PF_D2_5_R6,Plotted Finds,D2,5,Rock,R,6,,,
506,5011.48052,5001.044442,100.49341,PF_D2_5_R6,Plotted Finds,D2,5,Rock,R,6,,,
507,5011.419238,5001.077015,100.508809,PF_D2_5_R6,Plotted Finds,D2,5,Rock,R,6,,,
508,5011.385823,5000.975134,100.556431,PF_D2_5_R6,Plotted Finds,D2,5,Rock,R,6,,,
509,5011.478698,5000.938801,100.510598,PF_D2_5_R6,Plotted Finds,D2,5,Rock,R,6,,,
510,5011.45716,5001.026863,100.474418,PF_D2_5_R6,Plotted Finds,D2,5,Rock,R,6,,,
511,5011.416169,5001.073384,100.499534,PF_D2_5_R6,Plotted Finds,D2,6,Rock,R,6,,,
515,5011.247611,5000.003575,100.525229,PF_C3_5_R7,Plotted Finds,C3,5,Rock,R,7,,,
516,5011.248533,4999.834745,100.506325,PF_C3_5_R7,Plotted Finds,C3,5,Rock,R,7,,,
517,5011.272956,4999.917939,100.525507,PF_C3_5_R7,Plotted Finds,C3,5,Rock,R,7,,,
518,5011.217871,4999.921961,100.517872,PF_C3_5_R7,Plotted Finds,C3,5,Rock,R,7,,,
519,5011.245319,4999.927884,100.502303,PF_C3_5_R7,Plotted Finds,C3,5,Rock,R,7,,,
520,5011.761971,5000.304585,100.567729,PF_C3_5_R8,Plotted Finds,C3,5,Rock,R,8,,,
521,5011.674102,5000.322629,100.548198,PF_C3_5_R8,Plotted Finds,C3,5,Rock,R,8,,,
522,5011.720022,5000.354517,100.548786,PF_C3_5_R8,Plotted Finds,C3,5,Rock,R,8,,,
523,5011.735478,5000.265395,100.552662,PF_C3_5_R8,Plotted Finds,C3,5,Rock,R,8,,,
524,5011.723137,5000.313688,100.527395,PF_C3_5_R8,Plotted Finds,C3,5,Rock,R,8,,,
615,5011.456916,4999.25147,100.595148,PF_B3_6_R9,Plotted Finds,B3,6,Rock,R,9,,,
616,5011.423355,4999.199606,100.567781,PF_B3_6_R9,Plotted Finds,B3,6,Rock,R,9,,,
617,5011.493235,4999.317513,100.556415,PF_B3_6_R9,Plotted Finds,B3,6,Rock,R,9,,,
618,5011.519549,4999.230942,100.554792,PF_B3_6_R9,Plotted Finds,B3,6,Rock,R,9,,,
619,5011.394012,4999.265928,100.561071,PF_B3_6_R9,Plotted Finds,B3,6,Rock,R,9,,,
620,5011.45746,4999.261669,100.53931,PF_B3_6_R9,Plotted Finds,B3,6,Rock,R,9,,,
634,5012.824813,5001.864477,100.542841,PF_E2_6_R10,Plotted Finds,E2,6,Rock,R,10,,,
635,5012.87079,5001.806165,100.554235,PF_E2_6_R10,Plotted Finds,E2,6,Rock,R,10,,,
636,5012.969003,5001.816922,100.572958,PF_E2_6_R10,Plotted Finds,E2,6,Rock,R,10,,,
637,5012.985672,5001.875287,100.560412,PF_E2_6_R10,Plotted Finds,E2,6,Rock,R,10,,,
638,5012.989808,5001.924017,100.567145,PF_E2_6_R10,Plotted Finds,E2,6,Rock,R,10,,,
639,5012.95148,5001.920138,100.568165,PF_E2_6_R10,Plotted Finds,E2,6,Rock,R,10,,,
640,5012.850427,5001.906687,100.560878,PF_E2_6_R10,Plotted Finds,E2,6,Rock,R,10,,,
641,5012.916753,5001.87286,100.573431,PF_E2_6_R10,Plotted Finds,E2,6,Rock,R,10,,,
642,5012.845514,5001.850851,100.507135,PF_E2_6_R10,Plotted Finds,E2,6,Rock,R,10,,,
643,5012.894786,5001.799924,100.520749,PF_E2_6_R10,Plotted Finds,E2,6,Rock,R,10,,,
644,5012.994293,5001.827166,100.540871,PF_E2_6_R10,Plotted Finds,E2,6,Rock,R,10,,,
645,5013.011503,5001.90456,100.546472,PF_E2_6_R10,Plotted Finds,E2,6,Rock,R,10,,,
646,5012.949684,5001.937874,100.543915,PF_E2_6_R10,Plotted Finds,E2,6,Rock,R,10,,,
647,5012.899907,5001.904746,100.522984,PF_E2_6_R10,Plotted Finds,E2,6,Rock,R,10,,,
693,5011.565102,5001.184558,100.468906,PF_D2_6_R11,Plotted Finds,D2,6,Rock,R,11,,,
694,5011.504161,5001.117928,100.486377,PF_D2_6_R11,Plotted Finds,D2,6,Rock,R,11,,,
695,5011.525503,5001.006411,100.526888,PF_D2_6_R11,Plotted Finds,D2,6,Rock,R,11,,,
696,5011.59593,5000.998515,100.525779,PF_D2_6_R11,Plotted Finds,D2,6,Rock,R,11,,,
697,5011.648087,5001.106246,100.469236,PF_D2_6_R11,Plotted Finds,D2,6,Rock,R,11,,,
698,5011.5937,5001.114369,100.497032,PF_D2_6_R11,Plotted Finds,D2,6,Rock,R,11,,,
699,5011.576572,5001.046584,100.517904,PF_D2_6_R11,Plotted Finds,D2,6,Rock,R,11,,,
700,5011.591561,5001.164648,100.441739,PF_D2_6_R11,Plotted Finds,D2,6,Rock,R,11,,,
701,5011.544529,5001.128164,100.471868,PF_D2_6_R11,Plotted Finds,D2,6,Rock,R,11,,,
702,5011.528525,5001.073382,100.490511,PF_D2_6_R11,Plotted Finds,D2,6,Rock,R,11,,,
703,5011.526786,5001.021137,100.512035,PF_D2_6_R11,Plotted Finds,D2,6,Rock,R,11,,,
704,5011.590716,5001.018544,100.482657,PF_D2_6_R11,Plotted Finds,D2,6,Rock,R,11,,,
705,5011.627227,5001.108023,100.435163,PF_D2_6_R11,Plotted Finds,D2,6,Rock,R,11,,,
706,5011.581253,5001.074268,100.463596,PF_D2_6_R11,Plotted Finds,D2,6,Rock,R,11,,,
763,5011.598832,5001.335043,100.426186,PF_D2_6_R12,Plotted Finds,D2,6,Rock,R,12,,,
764,5011.690782,5001.39759,100.425525,PF_D2_6_R12,Plotted Finds,D2,6,Rock,R,12,,,
765,5011.594001,5001.489504,100.472381,PF_D2_6_R12,Plotted Finds,D2,6,Rock,R,12,,,
766,5011.508804,5001.47276,100.479873,PF_D2_6_R12,Plotted Finds,D2,6,Rock,R,12,,,
767,5011.512561,5001.40355,100.461459,PF_D2_6_R12,Plotted Finds,D2,6,Rock,R,12,,,
768,5011.60733,5001.415569,100.464802,PF_D2_6_R12,Plotted Finds,D2,6,Rock,R,12,,,
769,5011.696845,5001.413023,100.406214,PF_D2_6_R12,Plotted Finds,D2,6,Rock,R,12,,,
770,5011.636907,5001.336993,100.415251,PF_D2_6_R12,Plotted Finds,D2,6,Rock,R,12,,,
771,5011.531511,5001.376689,100.429952,PF_D2_6_R12,Plotted Finds,D2,6,Rock,R,12,,,
772,5011.554272,5001.473198,100.438267,PF_D2_6_R12,Plotted Finds,D2,6,Rock,R,12,,,
773,5011.623119,5001.408151,100.394805,PF_D2_6_R12,Plotted Finds,D2,6,Rock,R,12,,,
815,5011.366219,5000.720108,100.497729,PF_C2_6_R13,Plotted Finds,C2,6,Rock,R,13,,,
816,5011.324396,5000.652077,100.488531,PF_C2_6_R13,Plotted Finds,C2,6,Rock,R,13,,,
817,5011.26762,5000.678026,100.46261,PF_C2_6_R13,Plotted Finds,C2,6,Rock,R,13,,,
818,5011.214184,5000.578467,100.450106,PF_C2_6_R13,Plotted Finds,C2,6,Rock,R,13,,,
819,5011.294626,5000.660624,100.473831,PF_C2_6_R13,Plotted Finds,C2,6,Rock,R,13,,,
820,5011.279258,5000.633274,100.448599,PF_C2_6_R13,Plotted Finds,C2,6,Rock,R,13,,,
827,5011.094963,5000.567269,100.478177,PF_C2_6_R14,Plotted Finds,C2,6,Rock,R,14,,,
828,5010.994355,5000.546787,100.471264,PF_C2_6_R14,Plotted Finds,C2,6,Rock,R,14,,,
829,5011.091026,5000.505405,100.462912,PF_C2_6_R14,Plotted Finds,C2,6,Rock,R,14,,,
830,5010.994665,5000.59217,100.421266,PF_C2_6_R14,Plotted Finds,C2,6,Rock,R,14,,,
831,5011.079668,5000.589653,100.411266,PF_C2_6_R14,Plotted Finds,C2,6,Rock,R,14,,,
832,5011.075584,5000.507592,100.41906,PF_C2_6_R14,Plotted Finds,C2,6,Rock,R,14,,,
833,5010.991197,5000.528836,100.426048,PF_C2_6_R14,Plotted Finds,C2,6,Rock,R,14,,,
891,5011.657209,5000.19547,100.631884,PF_C3_7_R15,Plotted Finds,C3,7,Rock,R,15,,,
892,5011.549806,4999.822462,100.523388,PF_C3_7_R15,Plotted Finds,C3,7,Rock,R,15,,,
893,5011.331356,5000.028382,100.508138,PF_C3_7_R15,Plotted Finds,C3,7,Rock,R,15,,,
894,5011.439707,5000.2031,100.56128,PF_C3_7_R15,Plotted Finds,C3,7,Rock,R,15,,,
895,5011.61423,5000.226011,100.471194,PF_C3_7_R15,Plotted Finds,C3,7,Rock,R,15,,,
896,5011.67103,4999.95296,100.49621,PF_C3_7_R15,Plotted Finds,C3,7,Rock,R,15,,,
897,5011.544404,4999.806684,100.472357,PF_C3_7_R15,Plotted Finds,C3,7,Rock,R,15,,,
898,5011.326311,5000.089539,100.406489,PF_C3_7_R15,Plotted Finds,C3,7,Rock,R,15,,,
899,5011.403953,5000.193646,100.423657,PF_C3_7_R15,Plotted Finds,C3,7,Rock,R,15,,,
900,5011.399475,5000.057267,100.385575,PF_C3_7_R15,Plotted Finds,C3,7,Rock,R,15,,,
973,5013.453051,4999.767965,100.575107,PF_D4_7_R16,Plotted Finds,D4,7,Rock,R,16,,,
974,5013.538081,4999.863716,100.533245,PF_D4_7_R16,Plotted Finds,D4,7,Rock,R,16,,,
975,5013.543258,4999.714112,100.553951,PF_D4_7_R16,Plotted Finds,D4,7,Rock,R,16,,,
976,5013.528428,4999.702414,100.493389,PF_D4_7_R16,Plotted Finds,D4,7,Rock,R,16,,,
977,5013.437462,4999.765407,100.490342,PF_D4_7_R16,Plotted Finds,D4,7,Rock,R,16,,,
978,5013.486301,4999.852082,100.48115,PF_D4_7_R16,Plotted Finds,D4,7,Rock,R,16,,,
979,5012.472259,5000.489023,100.487812,PF_D3_7_R17,Plotted Finds,D3,7,Rock,R,17,,,
980,5012.608612,5000.491919,100.448473,PF_D3_7_R17,Plotted Finds,D3,7,Rock,R,17,,,
981,5012.635415,5000.547614,100.473423,PF_D3_7_R17,Plotted Finds,D3,7,Rock,R,17,,,
982,5012.50879,5000.607972,100.470003,PF_D3_7_R17,Plotted Finds,D3,7,Rock,R,17,,,
983,5012.543316,5000.552727,100.503116,PF_D3_7_R17,Plotted Finds,D3,7,Rock,R,17,,,
984,5012.514708,5000.463128,100.448518,PF_D3_7_R17,Plotted Finds,D3,7,Rock,R,17,,,
985,5012.597504,5000.493903,100.446379,PF_D3_7_R17,Plotted Finds,D3,7,Rock,R,17,,,
986,5012.624162,5000.564295,100.464348,PF_D3_7_R17,Plotted Finds,D3,7,Rock,R,17,,,
987,5012.531231,5000.578898,100.457063,PF_D3_7_R17,Plotted Finds,D3,7,Rock,R,17,,,
988,5012.572001,5000.529168,100.435224,PF_D3_7_R17,Plotted Finds,D3,7,Rock,R,17,,,
1002,5012.676525,5000.503867,100.560195,PF_D3_7A_R18,Plotted Finds,D3,7A,Rock,R,18,,,
1003,5012.795427,5000.493673,100.542311,PF_D3_7A_R18,Plotted Finds,D3,7A,Rock,R,18,,,
1004,5012.900125,5000.581213,100.532109,PF_D3_7A_R18,Plotted Finds,D3,7A,Rock,R,18,,,
1005,5012.819893,5000.73288,100.554794,PF_D3_7A_R18,Plotted Finds,D3,7A,Rock,R,18,,,
1006,5012.670084,5000.594189,100.572933,PF_D3_7A_R18,Plotted Finds,D3,7A,Rock,R,18,,,
1007,5012.677997,5000.511715,100.55809,PF_D3_7A_R18,Plotted Finds,D3,7A,Rock,R,18,,,
1008,5012.810155,5000.597346,100.551048,PF_D3_7A_R18,Plotted Finds,D3,7A,Rock,R,18,,,
1009,5012.710105,5000.527326,100.485173,PF_D3_7A_R18,Plotted Finds,D3,7A,Rock,R,18,,,
1010,5012.855418,5000.558057,100.508819,PF_D3_7A_R18,Plotted Finds,D3,7A,Rock,R,18,,,
1011,5012.827889,5000.692259,100.490103,PF_D3_7A_R18,Plotted Finds,D3,7A,Rock,R,18,,,
1012,5012.657093,5000.573954,100.498287,PF_D3_7A_R18,Plotted Finds,D3,7A,Rock,R,18,,,
1020,5012.192055,5000.902856,100.448538,PF_D3_7_R19,Plotted Finds,D3,7,Rock,R,19,,,
1021,5012.012352,5001.012402,100.460758,PF_D3_7_R19,Plotted Finds,D3,7,Rock,R,19,,,
1022,5012.046783,5000.925678,100.45922,PF_D3_7_R19,Plotted Finds,D3,7,Rock,R,19,,,
1023,5012.171941,5000.893844,100.430749,PF_D3_7_R19,Plotted Finds,D3,7,Rock,R,19,,,
1024,5012.114328,5000.996385,100.430787,PF_D3_7_R19,Plotted Finds,D3,7,Rock,R,19,,,
1025,5012.009898,5000.94487,100.435941,PF_D3_7_R19,Plotted Finds,D3,7,Rock,R,19,,,
1026,5012.422802,5001.029196,100.464683,PF_D3_7_R20,Plotted Finds,D3,7,Rock,R,20,,,
1027,5012.221944,5001.091614,100.490214,PF_D3_7_R20,Plotted Finds,D3,7,Rock,R,20,,,
1028,5012.226079,5000.967369,100.460738,PF_D3_7_R20,Plotted Finds,D3,7,Rock,R,20,,,
1029,5012.388755,5001.037953,100.394942,PF_D3_7_R20,Plotted Finds,D3,7,Rock,R,20,,,
1030,5012.211578,5001.067594,100.413688,PF_D3_7_R20,Plotted Finds,D3,7,Rock,R,20,,,
1031,5012.218256,5001.018414,100.394323,PF_D3_7_R20,Plotted Finds,D3,7,Rock,R,20,,,
1053,5011.432271,5000.826594,100.52644,PF_D2_7_R21,Plotted Finds,D2,7,Rock,R,21,,,
1054,5011.40262,5000.788104,100.483059,PF_D2_7_R21,Plotted Finds,D2,7,Rock,R,21,,,
1055,5011.381591,5000.919991,100.562197,PF_D2_7_R21,Plotted Finds,D2,7,Rock,R,21,,,
1056,5011.395205,5001.039174,100.510884,PF_D2_7_R21,Plotted Finds,D2,7,Rock,R,21,,,
1057,5011.302326,5001.021318,100.503589,PF_D2_7_R21,Plotted Finds,D2,7,Rock,R,21,,,
1058,5011.491628,5000.858172,100.372933,PF_D2_7_R21,Plotted Finds,D2,7,Rock,R,21,,,
1059,5011.346859,5001.030606,100.395624,PF_D2_7_R21,Plotted Finds,D2,7,Rock,R,21,,,
1060,5011.348762,5000.903465,100.36577,PF_D2_7_R21,Plotted Finds,D2,7,Rock,R,21,,,
1065,5011.573389,5001.465962,100.444905,PF_D2_7_R22,Plotted Finds,D2,7,Rock,R,22,,,
1066,5011.565537,5001.610802,100.429914,PF_D2_7_R22,Plotted Finds,D2,7,Rock,R,22,,,
1067,5011.463689,5001.518112,100.422328,PF_D2_7_R22,Plotted Finds,D2,7,Rock,R,22,,,
1068,5011.483628,5001.436959,100.405866,PF_D2_7_R22,Plotted Finds,D2,7,Rock,R,22,,,
1069,5011.459631,5001.482393,100.355433,PF_D2_7_R22,Plotted Finds,D2,7,Rock,R,22,,,
1070,5011.59774,5001.602445,100.41256,PF_D2_7_R22,Plotted Finds,D2,7,Rock,R,22,,,
1071,5011.573346,5001.47045,100.398642,PF_D2_7_R22,Plotted Finds,D2,7,Rock,R,22,,,
1072,5011.559864,5001.631897,100.388008,PF_D2_7_R23,Plotted Finds,D2,7,Rock,R,22,,,
1073,5011.628207,5001.762685,100.548696,PF_D2_7_R23,Plotted Finds,D2,7,Rock,R,22,,,
1074,5011.568745,5001.735193,100.375877,PF_D2_7_R23,Plotted Finds,D2,7,Rock,R,22,,,
1075,5011.624444,5001.705598,100.400611,PF_D2_7_R23,Plotted Finds,D2,7,Rock,R,22,,,
1181,5011.963935,5002.126362,100.458971,PF_E2_7_R24,Plotted Finds,E2,7,Rock,R,24,,,
1182,5011.890431,5002.092266,100.412413,PF_E2_7_R24,Plotted Finds,E2,7,Rock,R,24,,,
1183,5011.931718,5002.144741,100.438709,PF_E2_7_R24,Plotted Finds,E2,7,Rock,R,24,,,
1184,5011.936825,5002.019413,100.414023,PF_E2_7_R24,Plotted Finds,E2,7,Rock,R,24,,,
1185,5011.926171,5002.078201,100.397794,PF_E2_7_R24,Plotted Finds,E2,7,Rock,R,24,,,
1188,5011.845171,5001.992301,100.468516,PF_E2_7_R25,Plotted Finds,E2,7,Rock,R,25,,,
1189,5011.82333,5002.112294,100.459557,PF_E2_7_R25,Plotted Finds,E2,7,Rock,R,25,,,
1190,5011.778663,5002.044661,100.45084,PF_E2_7_R25,Plotted Finds,E2,7,Rock,R,25,,,
1191,5011.842122,5002.008225,100.374953,PF_E2_7_R25,Plotted Finds,E2,7,Rock,R,25,,,
1192,5011.806146,5002.111475,100.349763,PF_E2_7_R25,Plotted Finds,E2,7,Rock,R,25,,,
1193,5011.798888,5002.056449,100.347028,PF_E2_7_R25,Plotted Finds,E2,7,Rock,R,25,,,
1204,5013.211491,4999.95993,100.515233,PF_D4_8_R26,Plotted Finds,D4,8,Rock,R,26,,,
1205,5013.283243,5000.111259,100.521055,PF_D4_8_R26,Plotted Finds,D4,8,Rock,R,26,,,
1206,5013.385063,4999.893524,100.505668,PF_D4_8_R26,Plotted Finds,D4,8,Rock,R,26,,,
1207,5013.209128,4999.973828,100.436559,PF_D4_8_R26,Plotted Finds,D4,8,Rock,R,26,,,
1208,5013.260455,5000.091126,100.41448,PF_D4_8_R26,Plotted Finds,D4,8,Rock,R,26,,,
1209,5013.372892,4999.928745,100.422065,PF_D4_8_R26,Plotted Finds,D4,8,Rock,R,26,,,
1232,5012.0604,5000.064668,100.532256,PF_D3_8_R27,Plotted Finds,D3,8,Rock,R,27,,,
1233,5012.2765,5000.574649,100.519069,PF_D3_8_R27,Plotted Finds,D3,8,Rock,R,27,,,
1234,5012.169631,5000.724809,100.482346,PF_D3_8_R27,Plotted Finds,D3,8,Rock,R,27,,,
1235,5011.883832,5000.647924,100.531469,PF_D3_8_R27,Plotted Finds,D3,8,Rock,R,27,,,
1236,5011.791177,5000.334372,100.533294,PF_D3_8_R27,Plotted Finds,D3,8,Rock,R,27,,,
1237,5012.044251,5000.466527,100.545618,PF_D3_8_R27,Plotted Finds,D3,8,Rock,R,27,,,
1387,5011.842779,5001.60817,100.534925,PF_D2_9_R28,Plotted Finds,D2,9,Rock,R,28,,,
1388,5011.904203,5001.713815,100.439288,PF_D2_9_R28,Plotted Finds,D2,9,Rock,R,28,,,
1389,5011.860626,5001.473943,100.412488,PF_D2_9_R28,Plotted Finds,D2,9,Rock,R,28,,,
1390,5011.664079,5001.741354,100.770217,PF_D2_9_R28,Plotted Finds,D2,9,Rock,R,28,,,
1391,5011.710484,5001.434859,100.342426,PF_D2_9_R28,Plotted Finds,D2,9,Rock,R,28,,,
1392,5011.88178,5001.684414,100.448803,PF_D2_9_R28,Plotted Finds,D2,9,Rock,R,28,,,
1393,5011.67755,5001.76301,100.372493,PF_D2_9_R28,Plotted Finds,D2,9,Rock,R,28,,,
1394,5011.710891,5001.717587,100.316939,PF_D2_9_R28,Plotted Finds,D2,9,Rock,R,28,,,
1395,5011.687994,5001.524522,100.305002,PF_D2_9_R28,Plotted Finds,D2,9,Rock,R,28,,,
1412,5014.048643,5000.261507,100.692336,PF_E4_9_R29,Plotted Finds,E4,9,Rock,R,29,,,
1413,5013.886422,5000.234607,100.675273,PF_E4_9_R29,Plotted Finds,E4,9,Rock,R,29,,,
1414,5013.97948,5000.277719,100.674608,PF_E4_9_R29,Plotted Finds,E4,9,Rock,R,29,,,
1415,5013.999599,5000.188005,100.685044,PF_E4_9_R29,Plotted Finds,E4,9,Rock,R,29,,,
1416,5014.040019,5000.247112,100.670263,PF_E4_9_R29,Plotted Finds,E4,9,Rock,R,29,,,
1417,5013.914561,5000.232462,100.642095,PF_E4_9_R29,Plotted Finds,E4,9,Rock,R,29,,,
1418,5012.931862,4999.730271,100.695381,PF_D4_9_R30,Plotted Finds,D4,9,Rock,R,30,,,
1419,5012.985572,4999.647046,100.655415,PF_D4_9_R30,Plotted Finds,D4,9,Rock,R,30,,,
1420,5013.168432,4999.817448,100.608648,PF_D4_9_R30,Plotted Finds,D4,9,Rock,R,30,,,
1421,5013.116845,4999.893487,100.610643,PF_D4_9_R30,Plotted Finds,D4,9,Rock,R,30,,,
1422,5013.006771,4999.747571,100.715784,PF_D4_9_R30,Plotted Finds,D4,9,Rock,R,30,,,
1423,5013.006,4999.743795,100.715588,PF_D4_9_R30,Plotted Finds,D4,9,Rock,R,30,,,
1424,5013.117585,4999.768069,100.670699,PF_D4_9_R30,Plotted Finds,D4,9,Rock,R,30,,,
1425,5013.105444,4999.85037,100.657885,PF_D4_9_R30,Plotted Finds,D4,9,Rock,R,30,,,
1426,5012.937886,4999.723944,100.704047,PF_D4_9_R30,Plotted Finds,D4,9,Rock,R,30,,,
1427,5013.082226,4999.722786,100.686415,PF_D4_9_R30,Plotted Finds,D4,9,Rock,R,30,,,
1428,5012.929793,4999.648798,100.499044,PF_D4_9_R30,Plotted Finds,D4,9,Rock,R,30,,,
1429,5012.853464,4999.751277,100.527245,PF_D4_9_R30,Plotted Finds,D4,9,Rock,R,30,,,
1430,5013.022734,4999.892949,100.505253,PF_D4_9_R30,Plotted Finds,D4,9,Rock,R,30,,,
1431,5012.810161,4999.768025,100.371071,PF_D4_9_R30,Plotted Finds,D4,9,Rock,R,30,,,
1432,5012.908571,4999.848383,100.410784,PF_D4_9_R30,Plotted Finds,D4,9,Rock,R,30,,,
1433,5012.888834,4999.648957,100.382573,PF_D4_9_R30,Plotted Finds,D4,9,Rock,R,30,,,
1434,5013.076371,4999.4739,100.480521,PF_D4_9_R31,Plotted Finds,D4,9,Rock,R,31,,,
1435,5012.978308,4999.442952,100.435111,PF_D4_9_R31,Plotted Finds,D4,9,Rock,R,31,,,
1436,5012.991726,4999.422046,100.434062,PF_D4_9_R31,Plotted Finds,D4,9,Rock,R,31,,,
1437,5013.093112,4999.409964,100.427078,PF_D4_9_R31,Plotted Finds,D4,9,Rock,R,31,,,
1438,5013.078097,4999.468859,100.480132,PF_D4_9_R31,Plotted Finds,D4,9,Rock,R,31,,,
1439,5013.076858,4999.578082,100.32473,PF_D4_9_R31,Plotted Finds,D4,9,Rock,R,31,,,
1440,5012.990075,4999.546379,100.324798,PF_D4_9_R31,Plotted Finds,D4,9,Rock,R,31,,,
1441,5012.969765,4999.405467,100.33159,PF_D4_9_R31,Plotted Finds,D4,9,Rock,R,31,,,
1442,5013.117509,4999.443088,100.379971,PF_D4_9_R31,Plotted Finds,D4,9,Rock,R,31,,,
1443,5013.085828,4999.567024,100.322391,PF_D4_9_R31,Plotted Finds,D4,9,Rock,R,31,,,
1444,5012.668451,4999.432933,100.335761,PF_D4_9_R32,Plotted Finds,D4,9,Rock,R,32,,,
1445,5012.81647,4999.492784,100.335027,PF_D4_9_R32,Plotted Finds,D4,9,Rock,R,32,,,
1446,5012.887245,4999.35721,100.330465,PF_D4_9_R32,Plotted Finds,D4,9,Rock,R,32,,,
1447,5012.784562,4999.320949,100.328463,PF_D4_9_R32,Plotted Finds,D4,9,Rock,R,32,,,
1448,5012.849067,4999.4314,100.334189,PF_D4_9_R32,Plotted Finds,D4,9,Rock,R,32,,,
1449,5012.728149,4999.369639,100.335399,PF_D4_9_R32,Plotted Finds,D4,9,Rock,R,32,,,
1450,5013.208661,4999.605103,100.323262,PF_D4_9_R33,Plotted Finds,D4,9,Rock,R,33,,,
1451,5013.389387,4999.614767,100.336597,PF_D4_9_R33,Plotted Finds,D4,9,Rock,R,33,,,
1452,5013.525046,4999.794618,100.347851,PF_D4_9_R33,Plotted Finds,D4,9,Rock,R,33,,,
1453,5013.518862,4999.893242,100.334864,PF_D4_9_R33,Plotted Finds,D4,9,Rock,R,33,,,
1454,5013.375082,4999.826409,100.329849,PF_D4_9_R33,Plotted Finds,D4,9,Rock,R,33,,,
1455,5013.302081,4999.807409,100.321449,PF_D4_9_R33,Plotted Finds,D4,9,Rock,R,33,,,
1456,5013.214363,4999.709641,100.330613,PF_D4_9_R33,Plotted Finds,D4,9,Rock,R,33,,,
1457,5013.235617,4999.671632,100.393553,PF_D4_9_R33,Plotted Finds,D4,9,Rock,R,33,,,
1458,5013.33984,4999.779744,100.39159,PF_D4_9_R33,Plotted Finds,D4,9,Rock,R,33,,,
1459,5013.494579,4999.84594,100.396896,PF_D4_9_R33,Plotted Finds,D4,9,Rock,R,33,,,
1460,5013.492567,4999.750522,100.404353,PF_D4_9_R33,Plotted Finds,D4,9,Rock,R,33,,,
1461,5013.414272,4999.645681,100.430954,PF_D4_9_R33,Plotted Finds,D4,9,Rock,R,33,,,
1462,5013.330136,4999.639839,100.443967,PF_D4_9_R33,Plotted Finds,D4,9,Rock,R,33,,,
1463,5013.269092,4999.603377,100.414208,PF_D4_9_R33,Plotted Finds,D4,9,Rock,R,33,,,
1464,5013.448826,4999.78703,100.408629,PF_D4_9_R33,Plotted Finds,D4,9,Rock,R,33,,,
1465,5013.474982,5000.09025,100.345019,PF_D4_9_R34,Plotted Finds,D4,9,Rock,R,34,,,
1466,5013.465008,5000.226212,100.344416,PF_D4_9_R34,Plotted Finds,D4,9,Rock,R,34,,,
1467,5013.395373,5000.298297,100.344872,PF_D4_9_R34,Plotted Finds,D4,9,Rock,R,34,,,
1468,5013.295138,5000.271924,100.336239,PF_D4_9_R34,Plotted Finds,D4,9,Rock,R,34,,,
1469,5013.327,5000.176098,100.345427,PF_D4_9_R34,Plotted Finds,D4,9,Rock,R,34,,,
1470,5013.404375,5000.128815,100.337631,PF_D4_9_R34,Plotted Finds,D4,9,Rock,R,34,,,
1471,5013.334282,5000.228324,100.451886,PF_D4_9_R34,Plotted Finds,D4,9,Rock,R,34,,,
1472,5013.38034,5000.294767,100.404653,PF_D4_9_R34,Plotted Finds,D4,9,Rock,R,34,,,
1481,5012.816518,5000.289597,100.348878,PF_D3_9_R35,Plotted Finds,D3,9,Rock,R,35,,,
1482,5012.759186,5000.318655,100.342416,PF_D3_9_R35,Plotted Finds,D3,9,Rock,R,35,,,
1483,5012.713799,5000.240759,100.346781,PF_D3_9_R35,Plotted Finds,D3,9,Rock,R,35,,,
1484,5012.732178,5000.22537,100.345803,PF_D3_9_R35,Plotted Finds,D3,9,Rock,R,35,,,
1485,5012.778476,5000.303546,100.38585,PF_D3_9_R35,Plotted Finds,D3,9,Rock,R,35,,,
1486,5012.702451,5000.053989,100.339241,PF_D4_9_R36,Plotted Finds,D4,9,Rock,R,36,,,
1487,5012.623104,5000.024665,100.33531,PF_D4_9_R36,Plotted Finds,D4,9,Rock,R,36,,,
1488,5012.656419,4999.960167,100.339973,PF_D4_9_R36,Plotted Finds,D4,9,Rock,R,36,,,
1489,5012.711503,4999.96767,100.343301,PF_D4_9_R36,Plotted Finds,D4,9,Rock,R,36,,,
1490,5012.685138,5000.006801,100.369542,PF_D4_9_R36,Plotted Finds,D4,9,Rock,R,36,,,
1510,5012.917883,4999.666577,100.35978,PF_D4_9_R30,Plotted Finds,D4,9,Rock,R,30,,,
1511,5013.068416,4999.774359,100.434461,PF_D4_9_R30,Plotted Finds,D4,9,Rock,R,30,,,
1512,5013.00789,4999.863052,100.451727,PF_D4_9_R30,Plotted Finds,D4,9,Rock,R,30,,,
1513,5012.880463,4999.80735,100.342981,PF_D4_9_R30,Plotted Finds,D4,9,Rock,R,30,,,
1514,5012.828206,4999.761867,100.339019,PF_D4_9_R30,Plotted Finds,D4,9,Rock,R,30,,,
1516,5013.004207,4999.447715,100.337606,PF_D4_9_R31,Plotted Finds,D4,9,Rock,R,31,,,
1517,5013.027248,4999.4145,100.334072,PF_D4_9_R31,Plotted Finds,D4,9,Rock,R,31,,,
1518,5013.108423,4999.494078,100.323929,PF_D4_9_R31,Plotted Finds,D4,9,Rock,R,31,,,
1519,5013.05546,4999.53658,100.31749,PF_D4_9_R31,Plotted Finds,D4,9,Rock,R,31,,,
1520,5012.969588,4999.469543,100.335325,PF_D4_9_R31,Plotted Finds,D4,9,Rock,R,31,,,
1521,5012.991416,4999.782293,100.393952,PF_D4_9_R37,Plotted Finds,D4,9,Rock,R,37,,,
1522,5013.043724,4999.774904,100.364638,PF_D4_9_R37,Plotted Finds,D4,9,Rock,R,37,,,
1523,5013.037125,4999.803651,100.36751,PF_D4_9_R37,Plotted Finds,D4,9,Rock,R,37,,,
1524,5012.991429,4999.802616,100.390294,PF_D4_9_R37,Plotted Finds,D4,9,Rock,R,37,,,
1525,5013.014998,4999.780584,100.348135,PF_D4_9_R37,Plotted Finds,D4,9,Rock,R,37,,,
202,5011.428011,4999.370124,100.599228,PF_C3_4A_SF1,Plotted Finds,C3,4A,Sediment Feature,SF,1,,,
203,5011.478122,4999.60954,100.606174,PF_C3_4A_SF1,Plotted Finds,C3,4A,Sediment Feature,SF,1,,,
204,5011.44495,4999.764251,100.622504,PF_C3_4A_SF1,Plotted Finds,C3,4A,Sediment Feature,SF,1,,,
205,5011.265639,4999.887575,100.61656,PF_C3_4A_SF1,Plotted Finds,C3,4A,Sediment Feature,SF,1,,,
206,5011.043974,4999.818141,100.578195,PF_C3_4A_SF1,Plotted Finds,C3,4A,Sediment Feature,SF,1,,,
383,5010.774859,4998.647861,100.569371,PF_B3_5_SF3,Plotted Finds,B3,5,Sediment Feature,SF,3,,,
384,5010.881732,4998.831469,100.576641,PF_B3_5_SF3,Plotted Finds,B3,5,Sediment Feature,SF,3,,,
385,5010.764113,4999.010887,100.57891,PF_B3_5_SF3,Plotted Finds,B3,5,Sediment Feature,SF,3,,,
386,5010.531287,4998.829343,100.60501,PF_B3_5_SF3,Plotted Finds,B3,5,Sediment Feature,SF,3,,,
394,5010.741236,4998.610617,100.543807,PF_B3_5_SF3,Plotted Finds,B3,5,Sediment Feature,SF,3,,,
395,5010.758103,4999.08876,100.542053,PF_B3_5_SF3,Plotted Finds,B3,5,Sediment Feature,SF,3,,,
396,5010.542759,4998.834262,100.540421,PF_B3_5_SF3,Plotted Finds,B3,5,Sediment Feature,SF,3,,,
397,5010.888701,4998.79283,100.541141,PF_B3_5_SF3,Plotted Finds,B3,5,Sediment Feature,SF,3,,,
398,5011.444275,4999.187375,100.523817,PF_B3_5_SF3,Plotted Finds,B3,5,Sediment Feature,SF,3,,,
405,5012.398848,4998.72755,100.59264,PF_B4_5_SF4,Plotted Finds,B4,5,Sediment Feature,SF,4,,,
406,5012.361607,4998.800228,100.601716,PF_B4_5_SF4,Plotted Finds,B4,5,Sediment Feature,SF,4,,,
407,5012.276993,4998.787722,100.59381,PF_B4_5_SF4,Plotted Finds,B4,5,Sediment Feature,SF,4,,,
408,5012.231373,4998.700182,100.59598,PF_B4_5_SF4,Plotted Finds,B4,5,Sediment Feature,SF,4,,,
409,5012.300183,4998.641803,100.596771,PF_B4_5_SF4,Plotted Finds,B4,5,Sediment Feature,SF,4,,,
410,5012.358216,4998.665203,100.59654,PF_B4_5_SF4,Plotted Finds,B4,5,Sediment Feature,SF,4,,,
724,5013.512685,5000.737312,100.539631,PF_E4_6_SF5,Plotted Finds,E4,6,Sediment Feature,SF,5,,,
725,5013.580625,5000.725464,100.549846,PF_E4_6_SF5,Plotted Finds,E4,6,Sediment Feature,SF,5,,,
726,5013.624853,5000.780612,100.541175,PF_E4_6_SF5,Plotted Finds,E4,6,Sediment Feature,SF,5,,,
727,5013.506422,5000.800828,100.551698,PF_E4_6_SF5,Plotted Finds,E4,6,Sediment Feature,SF,5,,,
728,5013.531165,5000.844832,100.550452,PF_E4_6_SF5,Plotted Finds,E4,6,Sediment Feature,SF,5,,,
729,5013.603908,5000.827466,100.557717,PF_E4_6_SF5,Plotted Finds,E4,6,Sediment Feature,SF,5,,,
730,5013.549766,5000.750386,100.333269,PF_E4_6_SF5,Plotted Finds,E4,6,Sediment Feature,SF,5,,,
731,5012.303935,4998.622931,100.607031,PF_C4_6_SF6A,Plotted Finds,C4,6,Sediment Feature,SF,6A,,,
732,5012.287198,4998.563251,100.606259,PF_C4_6_SF6A,Plotted Finds,C4,6,Sediment Feature,SF,6A,,,
733,5012.212245,4998.557544,100.604584,PF_C4_6_SF6A,Plotted Finds,C4,6,Sediment Feature,SF,6A,,,
734,5012.224155,4998.630385,100.613804,PF_C4_6_SF6A,Plotted Finds,C4,6,Sediment Feature,SF,6A,,,
735,5012.253852,4998.597319,100.459529,PF_C4_6_SF6A,Plotted Finds,C4,6,Sediment Feature,SF,6A,,,
779,5013.223326,5000.649307,100.53418,PF_E4_6A_SF7,Plotted Finds,E4,6A,Sediment Feature,SF,7,,,
780,5013.444507,5000.683904,100.540362,PF_E4_6A_SF7,Plotted Finds,E4,6A,Sediment Feature,SF,7,,,
781,5013.482151,5000.863824,100.54736,PF_E4_6A_SF7,Plotted Finds,E4,6A,Sediment Feature,SF,7,,,
782,5012.929443,5000.588739,100.563348,PF_D3_6A_SF7,Plotted Finds,D3,6A,Sediment Feature,SF,7,,,
783,5012.583196,5000.977357,100.586497,PF_D3_6A_SF7,Plotted Finds,D3,6A,Sediment Feature,SF,7,,,
784,5012.647168,5000.896744,100.548253,PF_D3_6A_SF7,Plotted Finds,D3,6A,Sediment Feature,SF,7,,,
785,5012.65004,5000.769625,100.588608,PF_D3_6A_SF7,Plotted Finds,D3,6A,Sediment Feature,SF,7,,,
786,5013.297772,5000.706901,100.507669,PF_E4_6A_SF7,Plotted Finds,E4,6A,Sediment Feature,SF,7,,,
994,5013.223754,5000.236051,100.467181,PF_D4_7A_SF8,Plotted Finds,D4,7A,Sediment Feature,SF,8,,,
995,5013.123753,5000.192654,100.464789,PF_D4_7A_SF8,Plotted Finds,D4,7A,Sediment Feature,SF,8,,,
996,5013.002117,5000.202263,100.463654,PF_D4_7A_SF8,Plotted Finds,D4,7A,Sediment Feature,SF,8,,,
997,5012.898375,5000.206202,100.456657,PF_D4_7A_SF8,Plotted Finds,D4,7A,Sediment Feature,SF,8,,,
998,5012.829545,5000.263442,100.461642,PF_D4_7A_SF8,Plotted Finds,D4,7A,Sediment Feature,SF,8,,,
999,5013.023994,5000.420719,100.465981,PF_D4_7A_SF8,Plotted Finds,D4,7A,Sediment Feature,SF,8,,,
1016,5012.80263,5000.279229,100.4542,PF_D3_7A_SF9,Plotted Finds,D3,7A,Sediment Feature,SF,9,,,
1017,5012.742472,5000.515836,100.437501,PF_D3_7A_SF9,Plotted Finds,D3,7A,Sediment Feature,SF,9,,,
1018,5012.570015,5000.796755,100.422395,PF_D3_7A_SF9,Plotted Finds,D3,7A,Sediment Feature,SF,9,,,
1019,5012.535575,5001.009095,100.441169,PF_D3_7A_SF9,Plotted Finds,D3,7A,Sediment Feature,SF,9,,,
1081,5013.239089,5000.261424,100.454723,PF_E4_7B_SF10,Plotted Finds,E4,7B,Sediment Feature,SF,10,,,
1082,5013.257064,5000.388657,100.441066,PF_E4_7B_SF10,Plotted Finds,E4,7B,Sediment Feature,SF,10,,,
1083,5013.228646,5000.557696,100.430764,PF_E4_7B_SF10,Plotted Finds,E4,7B,Sediment Feature,SF,10,,,
1084,5013.06987,5000.434273,100.450005,PF_E4_7B_SF10,Plotted Finds,E4,7B,Sediment Feature,SF,10,,,
1085,5013.724238,4999.947168,100.438897,PF_E4_7A_SF11,Plotted Finds,E4,7A,Sediment Feature,SF,11,,,
1086,5013.783898,5000.075498,100.42791,PF_E4_7A_SF11,Plotted Finds,E4,7A,Sediment Feature,SF,11,,,
1087,5013.958027,5000.198265,100.435534,PF_E4_7A_SF11,Plotted Finds,E4,7A,Sediment Feature,SF,11,,,
1088,5014.096266,5000.289171,100.431957,PF_E4_7A_SF11,Plotted Finds,E4,7A,Sediment Feature,SF,11,,,
1089,5014.171738,5000.274084,100.432412,PF_E4_7A_SF11,Plotted Finds,E4,7A,Sediment Feature,SF,11,,,
1090,5013.771228,4999.945647,100.417701,PF_E4_7A_SF11,Plotted Finds,E4,7A,Sediment Feature,SF,11,,,
1125,5012.302356,4998.713423,100.37311,PF_C4_8A_SF12,Plotted Finds,C4,8A,Sediment Feature,SF,12,,,
1126,5012.373955,4998.686264,100.381762,PF_C4_8A_SF12,Plotted Finds,C4,8A,Sediment Feature,SF,12,,,
1127,5012.4414,4998.744972,100.385979,PF_C4_8A_SF12,Plotted Finds,C4,8A,Sediment Feature,SF,12,,,
1128,5012.452075,4998.84343,100.396029,PF_C4_8A_SF12,Plotted Finds,C4,8A,Sediment Feature,SF,12,,,
1129,5012.373305,4998.905763,100.386975,PF_C4_8A_SF12,Plotted Finds,C4,8A,Sediment Feature,SF,12,,,
1130,5012.293831,4998.841441,100.380898,PF_C4_8A_SF12,Plotted Finds,C4,8A,Sediment Feature,SF,12,,,
1131,5012.260005,4998.7648,100.377559,PF_C4_8A_SF12,Plotted Finds,C4,8A,Sediment Feature,SF,12,,,
1132,5012.307531,4998.759727,100.288804,PF_C4_8A_SF12,Plotted Finds,C4,8A,Sediment Feature,SF,12,,,
1133,5012.372773,4998.721939,100.273319,PF_C4_8A_SF12,Plotted Finds,C4,8A,Sediment Feature,SF,12,,,
1134,5012.345526,4998.822141,100.22494,PF_C4_8A_SF12,Plotted Finds,C4,8A,Sediment Feature,SF,12,,,
1135,5012.317365,4998.731582,100.251472,PF_C4_8A_SF12,Plotted Finds,C4,8A,Sediment Feature,SF,12,,,
1136,5012.429758,4998.797546,100.179887,PF_C4_8A_SF12,Plotted Finds,C4,8A,Sediment Feature,SF,12,,,
1219,5013.268466,5000.162119,100.406281,PF_D4_8A_SF13,Plotted Finds,D4,8A,Sediment Feature,SF,13,,,
1220,5013.037053,5000.035284,100.406004,PF_D4_8A_SF14,Plotted Finds,D4,8A,Sediment Feature,SF,14,,,
1221,5012.932498,5000.189507,100.407956,PF_D4_8A_SF15,Plotted Finds,D4,8A,Sediment Feature,SF,15,,,
1222,5012.846575,5000.321554,100.397798,PF_D4_8A_SF16,Plotted Finds,D4,8A,Sediment Feature,SF,16,,,
1223,5013.012592,5000.436964,100.402915,PF_D4_8A_SF17,Plotted Finds,D4,8A,Sediment Feature,SF,17,,,
1224,5012.842031,5000.323731,100.399388,PF_D4_8A_SF18,Plotted Finds,D4,8A,Sediment Feature,SF,18,,,
1225,5012.784305,5000.431717,100.391121,PF_D4_8A_SF19,Plotted Finds,D4,8A,Sediment Feature,SF,19,,,
1226,5012.837245,5000.557965,100.400731,PF_D4_8A_SF20,Plotted Finds,D4,8A,Sediment Feature,SF,20,,,
1227,5012.940123,5000.531612,100.408796,PF_D4_8A_SF21,Plotted Finds,D4,8A,Sediment Feature,SF,21,,,
1228,5012.989484,5000.457275,100.401409,PF_D4_8A_SF22,Plotted Finds,D4,8A,Sediment Feature,SF,22,,,
1254,5014.242439,5000.293077,100.371144,PF_E4_8_SF14,Plotted Finds,E4,8,Sediment Feature,SF,14,,,
1255,5014.123441,5000.33751,100.372655,PF_E4_8_SF14,Plotted Finds,E4,8,Sediment Feature,SF,14,,,
1256,5013.929924,5000.218726,100.37988,PF_E4_8_SF14,Plotted Finds,E4,8,Sediment Feature,SF,14,,,
1257,5013.758421,5000.062891,100.384493,PF_E4_8_SF14,Plotted Finds,E4,8,Sediment Feature,SF,14,,,
1258,5013.743769,4999.862807,100.402475,PF_E4_8_SF14,Plotted Finds,E4,8,Sediment Feature,SF,14,,,
1259,5013.154614,5000.541968,100.38196,PF_E4_8_SF13,Plotted Finds,E4,8,Sediment Feature,SF,13,,,
1260,5013.201764,5000.370114,100.392471,PF_E4_8_SF13,Plotted Finds,E4,8,Sediment Feature,SF,13,,,
1261,5013.224702,5000.289999,100.396554,PF_E4_8_SF13,Plotted Finds,E4,8,Sediment Feature,SF,13,,,
1262,5013.075792,5000.45797,100.393735,PF_E4_8_SF13,Plotted Finds,E4,8,Sediment Feature,SF,13,,,
1309,5011.563791,4999.2159,100.366796,PF_B3_9_SF15,Plotted Finds,B3,9,Sediment Feature,SF,15,,,
1310,5011.440807,4999.202828,100.350973,PF_B3_9_SF15,Plotted Finds,B3,9,Sediment Feature,SF,15,,,
1311,5011.393136,4999.088599,100.342522,PF_B3_9_SF15,Plotted Finds,B3,9,Sediment Feature,SF,15,,,
1326,5012.222944,4998.890882,100.372498,PF_C4_9_SF16,Plotted Finds,C4,9,Sediment Feature,SF,16,,,
1327,5012.017441,4998.979667,100.375788,PF_C4_9_SF16,Plotted Finds,C4,9,Sediment Feature,SF,16,,,
1328,5011.997066,4999.175032,100.37484,PF_C4_9_SF16,Plotted Finds,C4,9,Sediment Feature,SF,16,,,
1329,5012.078784,4999.284597,100.376506,PF_C4_9_SF16,Plotted Finds,C4,9,Sediment Feature,SF,16,,,
1330,5012.221184,4999.318062,100.387469,PF_C4_9_SF16,Plotted Finds,C4,9,Sediment Feature,SF,16,,,
1331,5012.400231,4999.084895,100.391897,PF_C4_9_SF16,Plotted Finds,C4,9,Sediment Feature,SF,16,,,
1332,5012.334409,4998.924652,100.374874,PF_C4_9_SF16,Plotted Finds,C4,9,Sediment Feature,SF,16,,,
1339,5011.468237,4999.123641,100.05889,PF_B3_9_SF15,Plotted Finds,B3,9,Sediment Feature,SF,15,,,
1501,5013.333515,5000.441748,100.331118,PF_E4_9A_SF17,Plotted Finds,E4,9A,Sediment Feature,SF,17,,,
1502,5013.593004,5000.411368,100.332428,PF_E4_9A_SF17,Plotted Finds,E4,9A,Sediment Feature,SF,17,,,
1503,5013.643718,5000.59556,100.315415,PF_E4_9A_SF17,Plotted Finds,E4,9A,Sediment Feature,SF,17,,,
1504,5013.450168,5000.676644,100.30924,PF_E4_9A_SF17,Plotted Finds,E4,9A,Sediment Feature,SF,17,,,
